Date,Open,High,Low,Close,Volume,Currency,Ticker
2021-11-18,51.7900,51.8200,50.5110,50.6700,834622,USD,ARKF
2021-11-17,52.6400,52.7500,51.5600,51.6900,744978,USD,ARKF
2021-11-16,52.4400,52.9700,52.2600,52.9200,681469,USD,ARKF
2021-11-15,52.9900,53.5000,52.5300,52.8000,790676,USD,ARKF
2021-11-12,51.9100,52.8000,51.9100,52.7700,952954,USD,ARKF
2021-11-11,51.8300,51.9500,51.5300,51.6500,694952,USD,ARKF
2021-11-10,52.0900,52.4800,50.4800,50.9100,1823877,USD,ARKF
2021-11-09,53.7400,53.9000,52.6310,52.9900,1118459,USD,ARKF
2021-11-08,53.4900,53.9900,53.4000,53.6200,864435,USD,ARKF
2021-11-05,54.1800,54.3600,52.8300,53.1900,1099366,USD,ARKF
2021-11-04,53.6500,54.1900,53.3300,53.8300,935920,USD,ARKF
2021-11-03,53.0800,53.3800,52.6010,53.3600,964532,USD,ARKF
2021-11-02,54.2900,54.3500,53.1300,53.4000,639863,USD,ARKF
2021-11-01,53.5300,54.3100,53.5300,54.3000,798052,USD,ARKF
2021-10-29,53.0000,53.5500,52.9200,53.3900,532794,USD,ARKF
2021-10-28,52.5200,53.4700,52.3300,53.4300,632915,USD,ARKF
2021-10-27,53.2800,53.5200,52.2900,52.3000,611448,USD,ARKF
2021-10-26,54.5400,54.6800,53.2900,53.6000,820577,USD,ARKF
2021-10-25,53.2900,54.2400,53.0500,54.1600,920163,USD,ARKF
2021-10-22,53.9400,54.1500,52.7500,53.0700,951336,USD,ARKF
2021-10-21,54.0700,54.7200,53.9300,54.4000,595962,USD,ARKF
2021-10-20,54.2800,54.6005,53.9800,54.3800,1092802,USD,ARKF
2021-10-19,53.5400,54.1900,53.4500,54.0300,745903,USD,ARKF
2021-10-18,52.3600,53.4950,52.2800,53.3600,915706,USD,ARKF
2021-10-15,52.7500,53.0200,52.4500,52.9500,786973,USD,ARKF
2021-10-14,52.2200,52.6900,52.2000,52.4300,904337,USD,ARKF
2021-10-13,50.7900,51.6000,50.7900,51.5700,702223,USD,ARKF
2021-10-12,50.1110,50.6700,49.9600,50.3900,595293,USD,ARKF
2021-10-11,50.3600,50.9330,49.9600,49.9600,983168,USD,ARKF
2021-10-08,51.1600,51.5199,50.4410,50.4700,695031,USD,ARKF
2021-10-07,50.4500,51.3799,50.4300,50.9400,829905,USD,ARKF
2021-10-06,48.7100,50.0700,48.6800,49.8500,1183119,USD,ARKF
2021-10-05,48.4100,49.6600,48.3600,49.2300,1021391,USD,ARKF
2021-10-04,49.3400,49.3400,47.6600,48.1200,1899828,USD,ARKF
2021-10-01,49.5400,49.9250,49.0120,49.7800,728012,USD,ARKF
2021-09-30,49.1200,49.7700,49.0300,49.3600,1062029,USD,ARKF
2021-09-29,50.0900,50.1400,48.7600,48.8400,1196848,USD,ARKF
2021-09-28,50.9800,51.0400,49.4310,49.6200,1850817,USD,ARKF
2021-09-27,51.5900,51.8500,51.1300,51.7700,775530,USD,ARKF
2021-09-24,52.0100,52.2000,51.5600,52.0200,967801,USD,ARKF
2021-09-23,52.4600,52.8300,52.2900,52.7600,870792,USD,ARKF
2021-09-22,51.5600,52.5000,51.3801,52.2200,962755,USD,ARKF
2021-09-21,51.4700,51.7690,50.9800,51.4400,738039,USD,ARKF
2021-09-20,51.1000,51.7950,50.3400,51.1600,1635842,USD,ARKF
2021-09-17,52.6900,52.8800,52.1700,52.8300,1023655,USD,ARKF
2021-09-16,51.8300,52.6000,51.7600,52.5900,633929,USD,ARKF
2021-09-15,51.8900,52.1800,51.3800,52.1000,650550,USD,ARKF
2021-09-14,52.3400,52.6700,51.6601,51.8500,619321,USD,ARKF
2021-09-13,52.7200,52.7200,51.1300,52.0700,1560309,USD,ARKF
2021-09-10,53.4900,53.6800,52.4700,52.5000,1003825,USD,ARKF
2021-09-09,53.1200,53.6800,53.0100,53.1000,531076,USD,ARKF
2021-09-08,54.3900,54.4200,53.0000,53.3000,984850,USD,ARKF
2021-09-07,55.0500,55.2800,54.6400,54.7900,966459,USD,ARKF
2021-09-03,54.4000,55.0900,54.2100,55.0300,696289,USD,ARKF
2021-09-02,54.7800,54.9700,54.2700,54.4100,574636,USD,ARKF
2021-09-01,54.0300,54.9499,54.0300,54.5300,1025083,USD,ARKF
2021-08-31,53.8600,54.1900,53.5600,53.8500,745260,USD,ARKF
2021-08-30,53.6200,54.0800,53.2500,53.9100,791948,USD,ARKF
2021-08-27,52.7600,53.6800,52.6204,53.6500,708715,USD,ARKF
2021-08-26,53.1100,53.4000,52.3700,52.4400,676907,USD,ARKF
2021-08-25,53.0500,53.3500,52.8501,53.2900,593841,USD,ARKF
2021-08-24,52.5300,53.2450,52.5000,53.1500,800401,USD,ARKF
2021-08-23,51.3900,52.1900,51.3000,52.0700,728005,USD,ARKF
2021-08-20,50.3100,50.9799,50.2600,50.8500,881391,USD,ARKF
2021-08-19,49.8700,50.6400,49.6600,50.2300,873357,USD,ARKF
2021-08-18,50.5600,51.2350,50.4301,50.5000,703776,USD,ARKF
2021-08-17,50.6000,51.0850,50.1500,50.5600,1403532,USD,ARKF
2021-08-16,51.9200,51.9600,50.5900,51.1500,1036746,USD,ARKF
2021-08-13,52.4500,52.7700,52.1800,52.2100,645804,USD,ARKF
2021-08-12,52.3500,52.6300,51.9400,52.5000,790312,USD,ARKF
2021-08-11,53.2400,53.4190,52.1001,52.5500,810910,USD,ARKF
2021-08-10,53.4600,53.8000,52.6100,52.6800,873521,USD,ARKF
2021-08-09,52.7300,53.6300,52.4400,53.2700,1006691,USD,ARKF
2021-08-06,53.0700,53.2050,52.0750,52.4000,1111196,USD,ARKF
2021-08-05,52.2400,53.5100,52.0000,53.1900,1045913,USD,ARKF
2021-08-04,51.3100,52.4000,51.3100,52.2800,1240769,USD,ARKF
2021-08-03,51.4800,51.5200,50.4510,51.2200,1193296,USD,ARKF
2021-08-02,51.0000,52.0200,50.8800,51.5200,1253742,USD,ARKF
2021-07-30,50.8000,51.4000,50.5000,50.6800,1084352,USD,ARKF
2021-07-29,52.1600,52.6600,51.9200,51.9400,715820,USD,ARKF
2021-07-28,51.1600,52.3400,50.8000,52.2200,1364953,USD,ARKF
2021-07-27,51.6000,51.8399,49.5600,50.7500,1831898,USD,ARKF
2021-07-26,52.9900,53.0400,52.2100,52.2600,1062090,USD,ARKF
2021-07-23,53.2300,53.5400,52.7200,53.4800,813563,USD,ARKF
2021-07-22,52.9600,53.3280,52.8700,53.1700,1081649,USD,ARKF
2021-07-21,51.6400,52.8600,51.5200,52.8200,1228748,USD,ARKF
2021-07-20,50.6300,51.9500,50.2200,51.7200,1016905,USD,ARKF
2021-07-19,49.7500,50.6500,49.5100,50.5700,1187609,USD,ARKF
2021-07-16,51.3600,51.5400,50.6700,50.7900,688984,USD,ARKF
2021-07-15,51.6400,52.1099,50.6800,51.1800,1545637,USD,ARKF
2021-07-14,52.8800,52.9800,51.4900,51.5200,998818,USD,ARKF
2021-07-13,52.5500,53.1450,52.2600,52.4100,1009767,USD,ARKF
2021-07-12,53.0000,53.3600,52.4201,52.6700,672446,USD,ARKF
2021-07-09,51.9700,52.9200,51.7700,52.9100,924165,USD,ARKF
2021-07-08,50.9800,51.9490,50.6400,51.6700,1787647,USD,ARKF
2021-07-07,53.5000,53.6899,52.3500,52.6700,1419341,USD,ARKF
2021-07-06,53.0200,53.5300,52.7600,53.2200,904754,USD,ARKF
2021-07-02,53.5900,53.8891,53.1199,53.3200,764439,USD,ARKF
2021-07-01,54.0100,54.1900,53.0000,53.3900,1150737,USD,ARKF
2021-06-30,54.5300,54.5300,53.9850,54.1100,1058810,USD,ARKF
2021-06-29,54.4100,54.8200,54.2000,54.7800,889244,USD,ARKF
2021-06-28,54.0000,54.6000,54.0000,54.5400,1653329,USD,ARKF
2021-06-25,54.0000,54.2300,53.3301,53.7000,812870,USD,ARKF
2021-06-24,53.5000,54.2700,53.4700,53.8200,1403565,USD,ARKF
2021-06-23,52.3500,53.1000,52.3500,52.8900,1207652,USD,ARKF
2021-06-22,51.5400,52.2900,51.4000,52.2300,720946,USD,ARKF
2021-06-21,51.8600,52.0200,50.9400,51.7400,1173872,USD,ARKF
2021-06-18,51.6800,52.4700,51.6200,52.0400,2090066,USD,ARKF
2021-06-17,50.3400,52.1800,50.1300,52.0300,2164170,USD,ARKF
2021-06-16,50.5400,50.9900,49.7600,50.4400,808465,USD,ARKF
2021-06-15,50.9400,51.1500,50.4300,50.5700,660522,USD,ARKF
2021-06-14,50.7000,51.3900,50.6700,51.2800,1106542,USD,ARKF
2021-06-11,50.2300,50.5199,50.1500,50.4900,635182,USD,ARKF
2021-06-10,49.6300,50.1500,49.4500,50.1200,595790,USD,ARKF
2021-06-09,50.0400,50.4900,49.6000,49.6200,708620,USD,ARKF
2021-06-08,50.0100,50.4500,49.3000,49.8600,602805,USD,ARKF
2021-06-07,49.3300,49.9000,48.9700,49.8600,608018,USD,ARKF
2021-06-04,49.1800,49.6799,49.1000,49.4900,684467,USD,ARKF
2021-06-03,49.5300,49.7200,48.7550,48.8300,939505,USD,ARKF
2021-06-02,50.1500,50.4250,49.9500,50.2600,877655,USD,ARKF
2021-06-01,50.5200,51.0400,50.0100,50.4300,1324568,USD,ARKF
2021-05-28,49.8900,50.3900,49.7300,49.8300,937159,USD,ARKF
2021-05-27,49.7600,49.9700,48.9200,49.9700,814183,USD,ARKF
2021-05-26,49.5000,49.9300,49.3700,49.6900,1395302,USD,ARKF
2021-05-25,49.2000,49.5700,48.9200,49.0600,883886,USD,ARKF
2021-05-24,47.9800,48.8599,47.8001,48.6900,869054,USD,ARKF
2021-05-21,48.5700,48.6000,47.6500,47.7400,944874,USD,ARKF
2021-05-20,46.9700,48.2400,46.9600,48.0900,1105365,USD,ARKF
2021-05-19,45.1400,46.6400,45.0600,46.5800,1148132,USD,ARKF
2021-05-18,46.3300,47.3400,46.0500,46.6600,898623,USD,ARKF
2021-05-17,46.0100,46.4101,45.4100,46.2300,1129383,USD,ARKF
2021-05-14,45.5400,46.5600,45.3000,46.4300,1053954,USD,ARKF
2021-05-13,46.2600,46.5890,44.1045,44.8700,2678976,USD,ARKF
2021-05-12,46.8000,47.2900,45.6450,45.8500,2241640,USD,ARKF
2021-05-11,44.9700,47.9799,44.8100,47.7400,2783767,USD,ARKF
2021-05-10,48.7300,48.9000,46.9500,47.0200,2754271,USD,ARKF
2021-05-07,49.5300,50.1900,49.1000,49.4100,1501125,USD,ARKF
2021-05-06,49.6000,49.6190,48.1301,48.8100,2334017,USD,ARKF
2021-05-05,50.6400,50.7200,49.5200,49.8000,872503,USD,ARKF
2021-05-04,50.7800,50.8300,49.1500,50.2000,2545174,USD,ARKF
2021-05-03,52.5300,52.6300,51.4400,51.5800,1427767,USD,ARKF
2021-04-30,52.4000,53.0897,52.1100,52.2500,942130,USD,ARKF
2021-04-29,54.6100,54.6100,52.7100,53.2800,1152312,USD,ARKF
2021-04-28,53.9000,54.4900,53.4300,54.2200,902179,USD,ARKF
2021-04-27,54.4500,54.8400,53.9300,54.1800,624231,USD,ARKF
2021-04-26,53.3300,54.3200,53.0701,54.2600,943996,USD,ARKF
2021-04-23,52.4700,53.4300,52.4700,53.2700,923930,USD,ARKF
2021-04-22,52.7200,53.4499,51.9600,52.3200,1472561,USD,ARKF
2021-04-21,51.2800,52.6000,50.9850,52.5000,1188695,USD,ARKF
2021-04-20,52.4800,52.8000,51.2150,51.8400,1530474,USD,ARKF
2021-04-19,53.2000,53.5503,52.1100,52.6400,1776697,USD,ARKF
2021-04-16,54.7000,54.7800,53.5000,53.8200,1555544,USD,ARKF
2021-04-15,54.6400,54.8800,54.2120,54.6900,1403180,USD,ARKF
2021-04-14,55.7300,55.9500,53.6700,53.7100,2265872,USD,ARKF
2021-04-13,54.6100,55.3700,54.6100,55.1800,1594571,USD,ARKF
2021-04-12,54.6000,54.6871,53.7500,54.4100,1338189,USD,ARKF
2021-04-09,54.4000,54.8900,54.0600,54.8300,1171286,USD,ARKF
2021-04-08,53.7500,54.8100,53.7500,54.8000,1865925,USD,ARKF
2021-04-07,53.1600,53.9000,52.9100,53.0700,1176765,USD,ARKF
2021-04-06,52.7400,54.1900,52.7400,53.8300,1437345,USD,ARKF
2021-04-05,53.4700,53.4800,52.1400,52.7900,1540859,USD,ARKF
2021-04-01,52.4600,53.2300,52.2500,52.6200,2481851,USD,ARKF
2021-03-31,50.1200,51.3700,50.1200,51.1000,2128552,USD,ARKF
2021-03-30,48.5700,49.8100,48.2301,49.7200,1689449,USD,ARKF
2021-03-29,49.6100,49.8199,48.4300,48.7800,1604859,USD,ARKF
2021-03-26,49.6900,50.4300,48.4000,49.9600,1692077,USD,ARKF
2021-03-25,48.3200,49.6600,48.0000,49.4800,2849358,USD,ARKF
2021-03-24,52.3500,52.3500,49.4400,49.4400,2631074,USD,ARKF
2021-03-23,53.2600,53.3800,52.0500,52.2400,1779012,USD,ARKF
2021-03-22,53.4900,53.8000,52.7300,53.3500,1860941,USD,ARKF
2021-03-19,52.6300,53.6500,51.9300,53.2500,1457713,USD,ARKF
2021-03-18,54.3900,54.5320,52.1000,52.4100,2082032,USD,ARKF
2021-03-17,53.5000,55.7700,53.2200,55.4200,2214260,USD,ARKF
2021-03-16,55.8300,56.3000,54.1700,54.9500,2314517,USD,ARKF
2021-03-15,54.2100,55.2200,53.7100,55.1900,1730395,USD,ARKF
2021-03-12,53.5400,54.2700,52.6900,54.2700,2101994,USD,ARKF
2021-03-11,53.5800,55.1700,53.1620,54.9500,4269169,USD,ARKF
2021-03-10,53.2500,53.4000,51.3700,51.6800,3478460,USD,ARKF
2021-03-09,50.4800,52.1300,50.3500,51.9400,4052549,USD,ARKF
2021-03-08,50.4900,51.1100,48.1800,48.2300,4475411,USD,ARKF
2021-03-05,51.8100,51.9600,47.1300,50.9600,8092083,USD,ARKF
2021-03-04,53.5500,54.3100,49.9100,51.3700,8839802,USD,ARKF
2021-03-03,57.0800,57.2700,54.3210,54.5200,3759001,USD,ARKF
2021-03-02,58.4000,58.5000,57.0100,57.0800,2882089,USD,ARKF
2021-03-01,57.1700,57.9100,56.4500,57.8600,3983084,USD,ARKF
2021-02-26,54.8900,55.8400,53.6110,55.2800,4824474,USD,ARKF
2021-02-25,57.4600,58.1100,54.6100,54.9700,5971232,USD,ARKF
2021-02-24,57.5300,57.9400,56.3100,57.5900,4827698,USD,ARKF
2021-02-23,56.8900,58.7500,52.5000,58.5400,10620065,USD,ARKF
2021-02-22,61.3600,61.3600,59.7400,59.8900,6103112,USD,ARKF
2021-02-19,62.5100,63.2900,62.4201,62.6400,4489828,USD,ARKF
2021-02-18,61.4500,62.0000,60.5100,61.8200,5725363,USD,ARKF
2021-02-17,63.5799,63.6000,61.8350,63.0700,6738451,USD,ARKF
2021-02-16,63.7600,64.4900,63.0650,63.6000,9094382,USD,ARKF
2021-02-12,61.8300,62.5500,61.2704,62.5200,4620297,USD,ARKF
2021-02-11,61.6500,62.4400,61.4000,61.9400,7428077,USD,ARKF
2021-02-10,61.0050,61.1390,59.2100,60.3700,5779744,USD,ARKF
2021-02-09,59.4300,60.4700,59.1600,60.2600,5773952,USD,ARKF
2021-02-08,58.9400,58.9800,58.5000,58.9500,4432414,USD,ARKF
2021-02-05,57.4200,57.8200,56.9800,57.7900,2709369,USD,ARKF
2021-02-04,56.9000,56.9800,56.3840,56.9800,2481726,USD,ARKF
2021-02-03,56.6200,56.6200,55.7000,56.1200,2934299,USD,ARKF
2021-02-02,55.0650,55.9000,54.9700,55.8700,2719294,USD,ARKF
2021-02-01,53.1400,54.1900,52.7343,54.1400,2448280,USD,ARKF
2021-01-29,52.6600,52.9290,51.5539,52.1300,1694167,USD,ARKF
2021-01-28,51.9400,53.1300,51.6200,52.7600,1961018,USD,ARKF
2021-01-27,52.7500,52.8850,51.2300,51.4800,3126042,USD,ARKF
2021-01-26,55.0500,55.0700,53.9200,53.9900,2278716,USD,ARKF
2021-01-25,55.9000,56.2100,53.8900,55.0700,2949776,USD,ARKF
2021-01-22,53.8500,54.6400,53.8500,54.5800,1638822,USD,ARKF
2021-01-21,54.6500,54.6800,53.7550,54.1400,2117319,USD,ARKF
2021-01-20,54.4600,54.4800,53.6500,54.1400,2467259,USD,ARKF
2021-01-19,52.8600,53.1100,52.3800,53.1100,2233919,USD,ARKF
2021-01-15,52.5800,52.6000,51.3900,51.7000,1818257,USD,ARKF
2021-01-14,52.7700,53.1700,52.2165,52.2900,2361911,USD,ARKF
2021-01-13,52.1500,52.5500,51.8167,52.1800,1625128,USD,ARKF
2021-01-12,51.5300,51.9500,51.2700,51.9500,1927521,USD,ARKF
2021-01-11,50.9600,51.4000,50.3550,50.9600,1916476,USD,ARKF
2021-01-08,51.7650,52.2100,51.2500,51.9600,2470442,USD,ARKF
2021-01-07,50.3100,51.1190,50.0701,51.0800,1873499,USD,ARKF
2021-01-06,49.7700,50.2400,49.2300,49.3200,1973200,USD,ARKF
2021-01-05,49.1900,50.3600,49.0500,50.3600,1503859,USD,ARKF
2021-01-04,50.2900,50.3000,48.4610,49.3000,2306994,USD,ARKF
2020-12-31,50.0100,50.0200,49.4000,49.7100,1182530,USD,ARKF
2020-12-30,49.6600,49.9700,49.4270,49.8800,1176202,USD,ARKF
2020-12-29,49.6100,49.7735,48.6300,49.2500,1637279,USD,ARKF
2020-12-28,50.7900,50.8200,49.0600,49.3300,2259511,USD,ARKF
2020-12-24,50.8100,50.8499,50.1000,50.2900,1218183,USD,ARKF
2020-12-23,52.1000,52.2080,50.7701,50.8300,2430740,USD,ARKF
2020-12-22,50.8200,51.3050,50.5100,51.2900,2699595,USD,ARKF
2020-12-21,49.8700,50.4900,49.5100,50.4300,2648353,USD,ARKF
2020-12-18,50.6790,50.6790,50.1500,50.4100,1780445,USD,ARKF
2020-12-17,49.8700,50.5199,49.8700,50.4800,2035102,USD,ARKF
2020-12-16,49.2000,49.4700,48.7002,49.3800,1639480,USD,ARKF
2020-12-15,48.5300,48.8299,48.3690,48.7900,1138974,USD,ARKF
2020-12-14,48.5200,48.8500,48.2200,48.2900,1511656,USD,ARKF
2020-12-11,47.9700,48.4700,47.6700,48.2000,1142368,USD,ARKF
2020-12-10,46.8800,48.1550,46.5900,48.1300,1260272,USD,ARKF
2020-12-09,48.2900,48.4700,46.9100,47.1200,1743165,USD,ARKF
2020-12-08,47.7900,48.2200,47.5810,48.1800,1295685,USD,ARKF
2020-12-07,47.2900,47.8000,47.2100,47.7300,1446504,USD,ARKF
2020-12-04,47.1600,47.3700,46.9600,47.2200,921578,USD,ARKF
2020-12-03,46.7200,47.1200,46.6300,46.8800,1097029,USD,ARKF
2020-12-02,46.0600,46.6000,45.6200,46.6000,736412,USD,ARKF
2020-12-01,47.0800,47.1000,46.3347,46.4800,1118309,USD,ARKF
2020-11-30,46.9400,47.0000,45.6100,46.6700,1194999,USD,ARKF
2020-11-27,46.7100,46.9300,46.2600,46.9300,587888,USD,ARKF
2020-11-25,45.2200,46.1900,45.2000,46.1600,613710,USD,ARKF
2020-11-24,45.6500,45.6800,44.8800,45.2500,822762,USD,ARKF
2020-11-23,45.4800,45.6050,44.8655,45.4200,1146173,USD,ARKF
2020-11-20,44.6400,45.3133,44.5566,45.0200,693131,USD,ARKF
2020-11-19,43.6800,44.5900,43.6800,44.4900,628892,USD,ARKF
2020-11-18,43.9500,44.0000,43.5950,43.6500,592881,USD,ARKF
2020-11-17,43.6000,44.0799,43.4629,43.8900,513498,USD,ARKF
2020-11-16,43.8200,44.0700,43.3100,43.9000,783899,USD,ARKF
2020-11-13,43.8300,43.9750,43.2701,43.7800,513163,USD,ARKF
2020-11-12,43.5400,43.8400,43.1101,43.2400,589894,USD,ARKF
2020-11-11,42.4300,43.3400,42.3200,43.3200,844105,USD,ARKF
2020-11-10,43.0700,43.1700,41.0000,41.8800,1412084,USD,ARKF
2020-11-09,45.7000,45.7700,43.6300,43.6700,1616888,USD,ARKF
2020-11-06,44.9000,45.7000,44.4700,45.6000,863062,USD,ARKF
2020-11-05,44.7800,44.8000,44.2560,44.6900,1505705,USD,ARKF
2020-11-04,42.5500,43.7999,42.5401,43.6900,982260,USD,ARKF
2020-11-03,41.0200,41.6843,40.7200,41.4600,608144,USD,ARKF
2020-11-02,41.1900,41.5000,40.3884,40.8900,690700,USD,ARKF
2020-10-30,42.1200,42.1300,40.5700,40.8900,990973,USD,ARKF
2020-10-29,42.3800,42.9100,42.3100,42.6700,821340,USD,ARKF
2020-10-28,41.8600,41.8800,41.3200,41.5600,578385,USD,ARKF
2020-10-27,42.3700,42.6850,42.2500,42.6100,471331,USD,ARKF
2020-10-26,42.6000,42.9200,41.4800,41.9700,823924,USD,ARKF
2020-10-23,42.8000,42.9800,42.3649,42.9800,363836,USD,ARKF
2020-10-22,42.9200,43.0900,42.1400,42.6400,586153,USD,ARKF
2020-10-21,43.0000,43.4899,42.6000,42.7600,698757,USD,ARKF
2020-10-20,42.6400,43.0899,42.5150,42.6400,633849,USD,ARKF
2020-10-19,42.8800,43.1050,42.2300,42.3900,1040904,USD,ARKF
2020-10-16,43.1500,43.2400,42.6155,42.6400,482794,USD,ARKF
2020-10-15,42.0900,42.8100,41.9600,42.8100,494722,USD,ARKF
2020-10-14,43.6900,43.7800,42.6700,43.0200,750458,USD,ARKF
2020-10-13,43.3100,43.7190,43.1650,43.6100,721298,USD,ARKF
2020-10-12,43.3200,43.5334,43.0500,43.2600,1028059,USD,ARKF
2020-10-09,42.2600,42.6800,42.2100,42.6400,712578,USD,ARKF
2020-10-08,42.1200,42.1200,41.8200,42.0400,758954,USD,ARKF
2020-10-07,41.4100,41.7000,41.3850,41.6200,567242,USD,ARKF
2020-10-06,41.0700,41.5574,40.5200,40.7800,655576,USD,ARKF
2020-10-05,40.6500,41.1100,40.6500,41.0900,660471,USD,ARKF
2020-10-02,39.8400,40.7299,39.7400,40.3100,684607,USD,ARKF
2020-10-01,40.1200,40.7200,40.0538,40.6400,863091,USD,ARKF
2020-09-30,39.4500,40.0600,39.4100,39.6500,689719,USD,ARKF
2020-09-29,39.4100,39.6754,39.3500,39.4300,487990,USD,ARKF
2020-09-28,39.4700,39.5200,39.0250,39.3400,729693,USD,ARKF
2020-09-25,37.8300,38.7300,37.6703,38.6700,345750,USD,ARKF
2020-09-24,37.6300,38.4315,37.3068,38.0200,624175,USD,ARKF
2020-09-23,38.8900,39.0700,37.8700,38.0500,610717,USD,ARKF
2020-09-22,38.3700,38.8900,37.9400,38.8800,938323,USD,ARKF
2020-09-21,37.0700,38.0800,36.8500,38.0700,1441098,USD,ARKF
2020-09-18,38.2100,38.2350,37.2400,37.7200,286884,USD,ARKF
2020-09-17,37.5000,37.9880,37.3900,37.8400,311037,USD,ARKF
2020-09-16,38.8300,39.1290,38.3917,38.4400,458975,USD,ARKF
2020-09-15,38.5300,38.8449,38.3600,38.7600,560108,USD,ARKF
2020-09-14,37.6800,38.1500,37.6300,38.0400,364695,USD,ARKF
2020-09-11,37.7300,37.8400,36.7300,37.1500,454335,USD,ARKF
2020-09-10,38.2100,38.5800,37.1600,37.2900,559485,USD,ARKF
2020-09-09,37.7300,38.0900,37.1450,37.8500,769558,USD,ARKF
2020-09-08,37.0200,37.9800,36.7900,36.9800,674059,USD,ARKF
2020-09-04,39.1800,39.4400,36.7800,38.5100,1809080,USD,ARKF
2020-09-03,40.7300,40.7300,38.9450,39.4400,1300360,USD,ARKF
2020-09-02,42.2100,42.3300,40.8410,41.5700,826232,USD,ARKF
2020-09-01,40.8100,41.6300,40.6800,41.6100,665156,USD,ARKF
2020-08-31,40.2100,40.5500,40.0203,40.3700,723048,USD,ARKF
2020-08-28,40.3400,40.4600,40.1550,40.3800,571012,USD,ARKF
2020-08-27,40.3300,40.6000,39.9900,40.2300,769160,USD,ARKF
2020-08-26,39.6800,40.1500,39.6700,39.9900,832541,USD,ARKF
2020-08-25,39.0600,39.4200,38.7200,39.4200,379622,USD,ARKF
2020-08-24,39.4000,39.4200,38.7500,39.0000,706532,USD,ARKF
2020-08-21,38.7300,38.9000,38.5713,38.7700,514402,USD,ARKF
2020-08-20,38.2000,38.7900,38.0500,38.7400,424125,USD,ARKF
2020-08-19,38.5600,38.7800,38.2900,38.4100,597215,USD,ARKF
2020-08-18,38.3400,38.5500,38.0200,38.4600,461482,USD,ARKF
2020-08-17,37.4200,38.0699,37.4100,38.0200,421986,USD,ARKF
2020-08-14,37.2100,37.2750,36.8885,37.1300,249857,USD,ARKF
2020-08-13,37.0200,37.4700,37.0200,37.2000,364870,USD,ARKF
2020-08-12,36.7700,37.1600,36.7301,36.9300,487297,USD,ARKF
2020-08-11,37.1500,37.2490,36.4000,36.4500,459122,USD,ARKF
2020-08-10,38.0900,38.0900,36.8800,37.1300,512558,USD,ARKF
2020-08-07,38.2700,38.6380,37.4300,37.8500,553717,USD,ARKF
2020-08-06,38.3500,38.5500,38.1200,38.4800,514200,USD,ARKF
2020-08-05,38.1100,38.4450,38.1000,38.2600,694725,USD,ARKF
2020-08-04,37.3600,37.4690,37.1000,37.4400,498945,USD,ARKF
2020-08-03,36.7500,37.3800,36.7500,37.2600,892216,USD,ARKF
2020-07-31,36.4400,36.5000,35.6500,36.2600,378936,USD,ARKF
2020-07-30,35.0500,35.6100,34.8501,35.5900,239293,USD,ARKF
2020-07-29,34.7700,35.4150,34.7700,35.3600,265108,USD,ARKF
2020-07-28,34.6700,34.9100,34.4800,34.4900,178227,USD,ARKF
2020-07-27,34.3800,34.8600,34.2600,34.8300,268349,USD,ARKF
2020-07-24,33.8500,34.1800,33.3700,34.0400,240404,USD,ARKF
2020-07-23,35.1100,35.3400,34.0950,34.3800,292070,USD,ARKF
2020-07-22,35.0100,35.3865,34.8697,35.1400,204981,USD,ARKF
2020-07-21,35.6200,35.8300,35.0700,35.2000,360690,USD,ARKF
2020-07-20,34.0400,35.2100,34.0400,35.1500,389775,USD,ARKF
2020-07-17,33.8700,34.0500,33.5950,34.0200,379322,USD,ARKF
2020-07-16,33.4800,33.7490,33.2810,33.6300,200328,USD,ARKF
2020-07-15,34.2300,34.3300,33.6350,34.1100,232258,USD,ARKF
2020-07-14,33.4600,33.8000,32.6800,33.7700,347567,USD,ARKF
2020-07-13,35.3600,35.4700,33.7200,33.8000,463630,USD,ARKF
2020-07-10,35.0100,35.1400,34.5650,34.9900,303178,USD,ARKF
2020-07-09,35.4100,35.6200,34.6400,35.1400,380596,USD,ARKF
2020-07-08,34.4300,35.2500,34.4300,35.2400,625156,USD,ARKF
2020-07-07,33.8200,34.5000,33.7020,34.0100,319231,USD,ARKF
2020-07-06,33.9400,34.5200,33.8000,33.9200,619583,USD,ARKF
2020-07-02,33.0000,33.1000,32.6950,32.7700,271576,USD,ARKF
2020-07-01,31.6200,32.5700,31.6200,32.4500,217018,USD,ARKF
2020-06-30,31.2200,31.6800,31.2200,31.5800,139642,USD,ARKF
2020-06-29,31.2500,31.3000,30.6217,31.3000,193558,USD,ARKF
2020-06-26,31.7100,31.7950,30.9700,31.1800,178185,USD,ARKF
2020-06-25,31.2100,31.7100,31.1450,31.6900,186697,USD,ARKF
2020-06-24,31.8400,32.0350,30.8900,31.2200,281395,USD,ARKF
2020-06-23,32.0900,32.3400,31.9700,32.0600,262145,USD,ARKF
2020-06-22,31.2100,31.7500,31.2100,31.6800,371544,USD,ARKF
2020-06-19,31.3500,31.4800,30.9950,31.0300,206352,USD,ARKF
2020-06-18,30.6700,30.9710,30.6170,30.9100,177768,USD,ARKF
2020-06-17,30.8100,31.1900,30.7400,30.9400,221372,USD,ARKF
2020-06-16,30.7800,30.7800,30.0500,30.5600,268889,USD,ARKF
2020-06-15,28.7000,29.9800,28.6250,29.9200,124112,USD,ARKF
2020-06-12,29.5400,29.7100,28.7200,29.3000,195783,USD,ARKF
2020-06-11,29.4200,29.7490,28.6500,28.6800,241684,USD,ARKF
2020-06-10,30.1000,30.4290,29.9500,30.2400,223035,USD,ARKF
2020-06-09,29.5900,30.0900,29.5700,29.8940,173200,USD,ARKF
2020-06-08,29.8000,29.8700,29.5600,29.8700,129089,USD,ARKF
2020-06-05,29.5200,29.8920,29.4750,29.6800,104610,USD,ARKF
2020-06-04,29.7300,29.8400,29.1200,29.3400,184615,USD,ARKF
2020-06-03,29.5100,29.8100,29.3400,29.7200,214707,USD,ARKF
2020-06-02,28.9200,29.2600,28.8100,29.2500,229800,USD,ARKF
2020-06-01,28.3800,28.8000,28.3200,28.7500,184004,USD,ARKF
2020-05-29,27.7500,28.3600,27.7500,28.3200,92736,USD,ARKF
2020-05-28,27.8000,28.1600,27.6100,27.6900,109943,USD,ARKF
2020-05-27,27.9900,27.9900,26.8670,27.7300,172950,USD,ARKF
2020-05-26,28.3400,28.4390,27.7650,27.8000,274732,USD,ARKF
2020-05-22,27.3200,27.5800,27.1450,27.5800,81053,USD,ARKF
2020-05-21,27.3800,27.5050,26.9400,27.3400,181936,USD,ARKF
2020-05-20,27.3700,27.6500,27.2420,27.5300,186317,USD,ARKF
2020-05-19,26.7000,27.3400,26.7000,26.8600,125272,USD,ARKF
2020-05-18,26.8200,26.9400,26.6600,26.7000,68901,USD,ARKF
2020-05-15,25.8700,26.3100,25.7500,26.2600,66999,USD,ARKF
2020-05-14,25.4100,26.1600,25.1810,26.1600,107766,USD,ARKF
2020-05-13,26.1100,26.3390,25.3900,25.8000,174045,USD,ARKF
2020-05-12,26.6400,26.6600,26.0600,26.0600,227340,USD,ARKF
2020-05-11,26.2400,26.6200,26.1900,26.4800,197165,USD,ARKF
2020-05-08,25.9000,26.4600,25.7080,26.3400,101387,USD,ARKF
2020-05-07,25.1000,25.7500,25.1000,25.6400,120144,USD,ARKF
2020-05-06,24.5900,24.7770,24.4500,24.5200,76206,USD,ARKF
2020-05-05,24.2800,24.6000,24.2000,24.2500,55984,USD,ARKF
2020-05-04,23.4100,23.8900,23.3100,23.8700,37182,USD,ARKF
2020-05-01,23.5700,23.8100,23.4200,23.6200,58083,USD,ARKF
2020-04-30,24.4800,24.5800,24.1440,24.2200,41541,USD,ARKF
2020-04-29,23.9100,24.5300,23.8700,24.4800,52857,USD,ARKF
2020-04-28,24.1500,24.1600,23.4140,23.4830,80025,USD,ARKF
2020-04-27,23.6700,23.9200,23.6410,23.8900,54762,USD,ARKF
2020-04-24,23.2200,23.4700,23.1000,23.4200,31851,USD,ARKF
2020-04-23,23.3400,23.4990,23.0600,23.1100,64640,USD,ARKF
2020-04-22,22.8500,23.2400,22.8200,23.2000,48403,USD,ARKF
2020-04-21,22.7200,22.7480,22.0900,22.3100,46026,USD,ARKF
2020-04-20,22.7600,23.4000,22.6700,23.0300,92646,USD,ARKF
2020-04-17,22.9400,22.9520,22.6870,22.9300,80680,USD,ARKF
2020-04-16,22.4500,22.6100,22.2000,22.4500,33881,USD,ARKF
2020-04-15,22.1600,22.3880,21.9610,22.3400,51837,USD,ARKF
2020-04-14,22.4700,22.7600,22.3340,22.6900,116857,USD,ARKF
2020-04-13,21.8900,21.8990,21.3800,21.8400,32712,USD,ARKF
2020-04-09,21.7900,22.3200,21.7700,21.8400,164212,USD,ARKF
2020-04-08,21.1400,21.6200,21.0670,21.5700,75201,USD,ARKF
2020-04-07,21.3800,21.5400,20.7750,20.8300,58565,USD,ARKF
2020-04-06,19.6700,20.6200,19.6700,20.5950,66302,USD,ARKF
2020-04-03,19.2000,19.2500,18.6600,18.8200,31018,USD,ARKF
2020-04-02,19.1800,19.6090,19.0400,19.3100,31526,USD,ARKF
2020-04-01,19.8000,19.8000,19.1150,19.2250,75927,USD,ARKF
2020-03-31,20.8100,20.9600,20.2500,20.3900,43141,USD,ARKF
2020-03-30,20.5500,20.7300,20.1200,20.7100,29946,USD,ARKF
2020-03-27,20.4100,20.7900,20.2200,20.3700,50141,USD,ARKF
2020-03-26,20.5100,21.2420,20.5100,21.1800,67058,USD,ARKF
2020-03-25,19.9200,21.1690,19.7530,20.3500,102310,USD,ARKF
2020-03-24,18.8900,19.8200,18.8900,19.7400,123017,USD,ARKF
2020-03-23,17.9900,18.1200,17.2610,18.0800,116408,USD,ARKF
2020-03-20,18.8900,19.2800,17.9000,17.9500,71336,USD,ARKF
2020-03-19,17.8200,18.6600,17.4300,18.3000,76672,USD,ARKF
2020-03-18,18.0300,18.5000,16.9400,17.7600,87179,USD,ARKF
2020-03-17,18.9300,19.5450,18.2300,19.2820,53515,USD,ARKF
2020-03-16,18.4800,19.5370,17.9300,18.4100,103789,USD,ARKF
2020-03-13,20.7900,21.1000,19.8050,21.1000,69967,USD,ARKF
2020-03-12,20.2100,20.4570,19.5440,19.5600,108545,USD,ARKF
2020-03-11,22.4000,22.5800,21.5200,21.8200,120612,USD,ARKF
2020-03-10,22.9600,23.1000,22.1110,23.0900,112157,USD,ARKF
2020-03-09,22.5000,23.0000,22.0000,22.2300,68152,USD,ARKF
2020-03-06,23.9400,24.1200,23.5400,24.0400,62007,USD,ARKF
2020-03-05,24.7300,25.0200,24.4000,24.5030,35478,USD,ARKF
2020-03-04,24.8400,25.2770,24.6700,25.2300,65048,USD,ARKF
2020-03-03,25.3000,25.5000,24.3000,24.5800,44231,USD,ARKF
2020-03-02,24.7300,25.1900,24.3400,25.1900,60705,USD,ARKF
2020-02-28,23.5700,24.6600,23.5600,24.6600,92924,USD,ARKF
2020-02-27,24.7500,25.3660,24.4000,24.4100,92139,USD,ARKF
2020-02-26,25.1400,25.5520,24.9000,25.0500,136661,USD,ARKF
2020-02-25,26.0200,26.0640,24.9620,25.0200,94365,USD,ARKF
2020-02-24,25.6500,25.9850,25.3000,25.8100,126202,USD,ARKF
2020-02-21,27.3500,27.3500,26.7800,26.9200,80245,USD,ARKF
2020-02-20,27.5100,27.7350,27.0000,27.4200,85811,USD,ARKF
2020-02-19,27.2100,27.5000,27.1570,27.3800,102155,USD,ARKF
2020-02-18,27.0000,27.0800,26.9200,27.0300,46572,USD,ARKF
2020-02-14,27.0300,27.1100,26.9500,27.0600,77241,USD,ARKF
2020-02-13,26.7500,27.0900,26.7500,26.9300,87343,USD,ARKF
2020-02-12,26.8600,26.9500,26.6880,26.9290,91033,USD,ARKF
2020-02-11,26.5700,26.7400,26.5000,26.5500,49111,USD,ARKF
2020-02-10,26.0300,26.3900,26.0300,26.3700,57303,USD,ARKF
2020-02-07,26.2200,26.2900,26.0600,26.1050,40357,USD,ARKF
2020-02-06,26.2000,26.2390,26.0350,26.1810,31496,USD,ARKF
2020-02-05,26.7200,26.8100,26.0600,26.1400,57157,USD,ARKF
2020-02-04,26.2400,26.5000,26.1900,26.4200,65241,USD,ARKF
2020-02-03,25.4000,25.7600,25.4000,25.6900,57569,USD,ARKF
2020-01-31,25.5800,25.5800,25.1850,25.2400,17627,USD,ARKF
2020-01-30,25.3500,25.6567,25.2613,25.6567,25426,USD,ARKF
2020-01-29,25.7300,25.7950,25.5590,25.6810,27316,USD,ARKF
2020-01-28,25.1800,25.5100,25.0950,25.4940,31461,USD,ARKF
2020-01-27,24.7700,25.1750,24.6500,25.0000,36049,USD,ARKF
2020-01-24,25.7800,25.9000,25.3800,25.5690,36884,USD,ARKF
2020-01-23,25.4700,25.6500,25.3590,25.6100,23556,USD,ARKF
2020-01-22,25.6900,25.8350,25.5700,25.6180,16825,USD,ARKF
2020-01-21,25.5400,25.6510,25.4300,25.5100,59961,USD,ARKF
2020-01-17,25.8500,25.8500,25.7300,25.7890,30056,USD,ARKF
2020-01-16,25.6700,25.8800,25.6200,25.7220,57508,USD,ARKF
2020-01-15,25.4500,25.7090,25.4500,25.5250,51927,USD,ARKF
2020-01-14,25.5300,25.5300,25.3400,25.4160,47878,USD,ARKF
2020-01-13,25.3700,25.6300,25.3280,25.6100,51179,USD,ARKF
2020-01-10,25.2400,25.3200,25.1450,25.2100,26323,USD,ARKF
2020-01-09,25.1000,25.1400,24.9500,25.1100,20314,USD,ARKF
2020-01-08,24.6200,24.9800,24.6200,24.8800,25020,USD,ARKF
2020-01-07,24.5500,24.7350,24.5500,24.6800,25259,USD,ARKF
2020-01-06,24.2100,24.4600,24.2100,24.4600,16869,USD,ARKF
2020-01-03,24.2100,24.4190,24.1500,24.3000,21941,USD,ARKF
2020-01-02,24.2100,24.5700,24.2100,24.5700,13262,USD,ARKF
2019-12-31,23.8900,23.9900,23.8700,23.9850,11560,USD,ARKF
2019-12-30,24.2200,24.2200,23.8700,23.8700,22167,USD,ARKF
2019-12-27,24.3400,24.3400,24.1300,24.2120,41339,USD,ARKF
2019-12-26,24.3700,24.5300,24.3700,24.4880,14421,USD,ARKF
2019-12-24,24.2500,24.3300,24.2100,24.3130,10550,USD,ARKF
2019-12-23,24.2500,24.3100,24.2100,24.2300,15734,USD,ARKF
2019-12-20,24.2490,24.2700,24.2050,24.2130,8311,USD,ARKF
2019-12-19,24.1100,24.2010,24.1100,24.1860,16663,USD,ARKF
2019-12-18,24.1400,24.2400,24.1360,24.1500,23667,USD,ARKF
2019-12-17,24.1700,24.1700,24.0320,24.0950,11796,USD,ARKF
2019-12-16,23.9100,24.1200,23.9100,24.0800,9103,USD,ARKF
2019-12-13,23.8100,23.8100,23.6700,23.6870,11494,USD,ARKF
2019-12-12,23.6100,23.8100,23.5620,23.6900,4439,USD,ARKF
2019-12-11,23.5100,23.5990,23.4140,23.5500,8855,USD,ARKF
2019-12-10,23.6100,23.6100,23.4800,23.4810,7545,USD,ARKF
2019-12-09,23.6800,23.8190,23.5900,23.5900,10415,USD,ARKF
2019-12-06,23.8200,23.8360,23.7770,23.7790,14868,USD,ARKF
2019-12-05,23.6200,23.6750,23.6070,23.6460,10046,USD,ARKF
2019-12-04,23.6000,23.6900,23.5910,23.5950,9635,USD,ARKF
2019-12-03,23.1900,23.5450,23.0900,23.5100,20412,USD,ARKF
2019-12-02,23.9000,23.9000,23.4310,23.6000,6977,USD,ARKF
2019-11-29,23.9200,23.9400,23.8790,23.9010,4520,USD,ARKF
2019-11-27,23.9900,24.0100,23.9000,23.9960,10738,USD,ARKF
2019-11-26,23.8500,23.9500,23.8180,23.9500,67251,USD,ARKF
2019-11-25,23.6400,23.8770,23.6400,23.8630,56236,USD,ARKF
2019-11-22,23.4300,23.4900,23.3030,23.4780,11707,USD,ARKF
2019-11-21,23.2570,23.3200,23.2100,23.2710,6892,USD,ARKF
2019-11-20,23.1400,23.3700,23.0800,23.2600,19108,USD,ARKF
2019-11-19,23.4200,23.4300,23.2000,23.2850,15155,USD,ARKF
2019-11-18,23.2500,23.3080,23.1460,23.2650,6761,USD,ARKF
2019-11-15,23.1200,23.2100,23.1000,23.2100,6424,USD,ARKF
2019-11-14,23.0740,23.1300,23.0600,23.1100,6416,USD,ARKF
2019-11-13,22.8500,23.1070,22.8500,23.1070,92898,USD,ARKF
2019-11-12,22.9800,22.9950,22.8050,22.8800,8814,USD,ARKF
2019-11-11,22.6700,22.9080,22.6700,22.8900,5518,USD,ARKF
2019-11-08,22.8000,22.8900,22.7900,22.8900,5959,USD,ARKF
2019-11-07,22.7700,23.0000,22.7400,22.7960,4449,USD,ARKF
2019-11-06,22.5000,22.5540,22.4900,22.5350,13232,USD,ARKF
2019-11-05,22.6300,22.6300,22.4550,22.4830,7240,USD,ARKF
2019-11-04,22.7300,22.7330,22.5800,22.6500,11294,USD,ARKF
2019-11-01,22.3900,22.4940,22.3800,22.4800,11043,USD,ARKF
2019-10-31,22.2700,22.2700,22.1100,22.2310,5145,USD,ARKF
2019-10-30,22.1900,22.3370,22.1470,22.3370,10869,USD,ARKF
2019-10-29,22.4000,22.4100,22.2820,22.2860,3349,USD,ARKF
2019-10-28,22.3200,22.5400,22.3200,22.4900,7846,USD,ARKF
2019-10-25,22.0000,22.2350,22.0000,22.2280,11948,USD,ARKF
2019-10-24,21.7000,21.9950,21.7000,21.9950,3955,USD,ARKF
2019-10-23,21.4900,21.6700,21.4900,21.6000,7456,USD,ARKF
2019-10-22,21.9300,21.9500,21.6030,21.6030,4978,USD,ARKF
2019-10-21,21.7700,21.9800,21.7700,21.9630,11491,USD,ARKF
2019-10-18,21.8400,21.8400,21.5000,21.5910,9986,USD,ARKF
2019-10-17,21.9800,21.9800,21.8870,21.9150,6867,USD,ARKF
2019-10-16,21.7600,21.8300,21.7600,21.7960,5085,USD,ARKF
2019-10-15,21.7500,22.0980,21.7500,22.0700,12865,USD,ARKF
2019-10-14,21.6600,21.7210,21.6480,21.7110,7190,USD,ARKF
2019-10-11,21.6600,21.8610,21.6600,21.7210,10641,USD,ARKF
2019-10-10,21.3280,21.5100,21.3200,21.4310,3976,USD,ARKF
2019-10-09,21.2560,21.3290,21.2560,21.3020,5550,USD,ARKF
2019-10-08,21.3000,21.3000,21.0610,21.0610,7786,USD,ARKF
2019-10-07,21.5370,21.6060,21.4900,21.5010,5578,USD,ARKF
2019-10-04,21.3700,21.5770,21.3200,21.5770,4849,USD,ARKF
2019-10-03,21.0600,21.3150,20.9070,21.3120,7868,USD,ARKF
2019-10-02,21.1600,21.1600,20.8320,20.9460,28473,USD,ARKF
2019-10-01,21.5300,21.6000,21.3270,21.3310,8817,USD,ARKF
2019-09-30,21.3600,21.5200,21.3380,21.4890,4618,USD,ARKF
2019-09-27,21.6960,21.7300,21.2240,21.3010,7701,USD,ARKF
2019-09-26,21.6900,21.7100,21.5900,21.6720,6084,USD,ARKF
2019-09-25,21.2800,21.6290,21.1650,21.6000,16683,USD,ARKF
2019-09-24,21.7500,21.7500,21.2800,21.3100,33067,USD,ARKF
2019-09-23,21.7500,21.7560,21.6400,21.7070,14052,USD,ARKF
2019-09-20,21.9900,22.0000,21.7700,21.8510,7690,USD,ARKF
2019-09-19,22.0000,22.1250,21.9000,21.9360,6023,USD,ARKF
2019-09-18,22.0500,22.0500,21.8490,22.0380,7617,USD,ARKF
2019-09-17,22.0180,22.1000,21.9800,22.0900,4700,USD,ARKF
2019-09-16,21.8300,22.0200,21.8300,21.9680,7451,USD,ARKF
2019-09-13,22.1000,22.1000,22.0000,22.0300,15007,USD,ARKF
2019-09-12,22.1500,22.2200,22.0390,22.0610,7817,USD,ARKF
2019-09-11,21.8700,22.0340,21.8400,22.0300,9506,USD,ARKF
2019-09-10,21.5500,21.7620,21.5300,21.7570,11854,USD,ARKF
2019-09-09,22.1300,22.1300,21.7100,21.8220,11373,USD,ARKF
2019-09-06,22.0510,22.1700,22.0280,22.0280,9588,USD,ARKF
2019-09-05,21.9800,22.1180,21.9600,22.0700,21464,USD,ARKF
2019-09-04,21.6900,21.7500,21.6760,21.7500,6367,USD,ARKF
2019-09-03,21.5800,21.6900,21.4540,21.5170,7742,USD,ARKF
2019-08-30,21.7800,21.7800,21.5110,21.6300,6752,USD,ARKF
2019-08-29,21.5700,21.7100,21.5200,21.6610,8604,USD,ARKF
2019-08-28,21.1200,21.3700,21.1200,21.3330,22331,USD,ARKF
2019-08-27,21.6600,21.6700,21.3070,21.4200,8279,USD,ARKF
2019-08-26,21.5300,21.6800,21.5050,21.5900,10919,USD,ARKF
2019-08-23,21.7700,21.9400,21.2730,21.2730,13672,USD,ARKF
2019-08-22,21.9400,21.9400,21.6500,21.7700,12066,USD,ARKF
2019-08-21,21.8700,21.9700,21.8280,21.9200,14125,USD,ARKF
2019-08-20,21.6300,21.7100,21.5800,21.5920,7721,USD,ARKF
2019-08-19,21.6400,21.6400,21.5560,21.6320,12154,USD,ARKF
2019-08-16,21.1200,21.2926,21.1200,21.2926,9475,USD,ARKF
2019-08-15,20.9500,20.9600,20.7500,20.9130,12519,USD,ARKF
2019-08-14,21.0530,21.0800,20.7400,20.8520,17692,USD,ARKF
2019-08-13,21.1200,21.5520,21.0800,21.4780,12841,USD,ARKF
2019-08-12,21.3600,21.3600,21.0840,21.1370,15600,USD,ARKF
2019-08-09,21.7500,21.7900,21.4600,21.5670,8495,USD,ARKF
2019-08-08,21.6200,21.7890,21.4490,21.7800,33758,USD,ARKF
2019-08-07,21.1900,21.5900,21.1200,21.5800,12614,USD,ARKF
2019-08-06,21.4700,21.4700,21.2000,21.3980,15833,USD,ARKF
2019-08-05,21.5400,21.5400,20.9650,21.1700,30876,USD,ARKF
2019-08-02,22.4600,22.4600,21.9710,22.1440,29733,USD,ARKF
2019-08-01,23.0200,23.4000,22.7000,22.8000,9937,USD,ARKF
2019-07-31,23.0200,23.1200,22.6660,22.8670,12543,USD,ARKF
2019-07-30,23.0200,23.1100,22.9450,23.0100,10302,USD,ARKF
2019-07-29,23.3600,23.3800,23.0300,23.1700,12885,USD,ARKF
2019-07-26,23.2800,23.4100,23.2800,23.3780,15239,USD,ARKF
2019-07-25,23.3000,23.3000,23.1300,23.1770,19454,USD,ARKF
2019-07-24,23.2100,23.4100,23.1800,23.4100,9136,USD,ARKF
2019-07-23,23.1200,23.2670,23.0800,23.2670,10535,USD,ARKF
2019-07-22,23.0400,23.1590,23.0400,23.0650,10558,USD,ARKF
2019-07-19,23.3600,23.3600,23.0100,23.0100,17989,USD,ARKF
2019-07-18,23.0300,23.1700,23.0100,23.1510,10892,USD,ARKF
2019-07-17,23.1400,23.2590,23.1100,23.1100,10319,USD,ARKF
2019-07-16,23.3700,23.3700,23.1700,23.1800,18068,USD,ARKF
2019-07-15,23.3300,23.3570,23.2800,23.3530,18299,USD,ARKF
2019-07-12,23.2200,23.3000,23.1530,23.2800,14979,USD,ARKF
2019-07-11,23.2200,23.2700,23.1500,23.2130,14276,USD,ARKF
2019-07-10,23.1300,23.2600,23.1260,23.1400,9252,USD,ARKF
2019-07-09,22.6300,23.0770,22.6300,23.0700,26542,USD,ARKF
2019-07-08,22.8100,22.8100,22.7100,22.7650,16370,USD,ARKF
2019-07-05,22.8800,22.9800,22.7200,22.9350,20331,USD,ARKF
2019-07-03,22.9000,22.9900,22.8630,22.9890,6766,USD,ARKF
2019-07-02,22.8200,22.8900,22.7770,22.8900,13118,USD,ARKF
2019-07-01,23.0300,23.1100,22.8290,22.8740,25362,USD,ARKF
2019-06-28,22.5400,22.6500,22.4700,22.6500,8800,USD,ARKF
2019-06-27,22.3700,22.5200,22.3700,22.5090,12783,USD,ARKF
2019-06-26,22.2200,22.3700,22.2100,22.2100,6393,USD,ARKF
2019-06-25,22.4800,22.4800,22.0680,22.0680,16852,USD,ARKF
2019-06-24,22.6400,22.6630,22.5000,22.5270,18218,USD,ARKF
2019-06-21,22.7100,22.7500,22.6100,22.6180,21671,USD,ARKF
2019-06-20,22.8400,22.9050,22.6450,22.7942,13796,USD,ARKF
2019-06-19,22.3800,22.5200,22.3049,22.5084,14910,USD,ARKF
2019-06-18,22.3200,22.5500,22.1600,22.3600,32486,USD,ARKF
2019-06-17,22.0300,22.1280,22.0040,22.0750,8839,USD,ARKF
2019-06-14,22.0000,22.0000,21.8700,21.9350,12375,USD,ARKF
2019-06-13,22.0600,22.1000,22.0360,22.0900,5907,USD,ARKF
2019-06-12,21.9800,22.0200,21.9400,21.9850,15969,USD,ARKF
2019-06-11,22.3500,22.3600,21.9800,22.1000,9790,USD,ARKF
2019-06-10,22.0700,22.3327,22.0700,22.0700,15215,USD,ARKF
2019-06-07,21.6200,21.9400,21.6200,21.8400,15164,USD,ARKF
2019-06-06,21.3700,21.5460,21.3070,21.5460,6472,USD,ARKF
2019-06-05,21.3100,21.4180,21.0900,21.3700,18018,USD,ARKF
2019-06-04,20.7600,21.1015,20.6901,21.1015,23309,USD,ARKF
2019-06-03,21.0100,21.0900,20.5600,20.6640,48427,USD,ARKF
2019-05-31,21.0500,21.1540,20.9800,21.0400,16752,USD,ARKF
2019-05-30,21.2200,21.3300,21.1660,21.2900,19660,USD,ARKF
2019-05-29,21.2950,21.3500,21.1400,21.1970,11642,USD,ARKF
2019-05-28,21.5200,21.6890,21.4200,21.4760,11764,USD,ARKF
2019-05-24,21.5680,21.5680,21.3240,21.4230,24355,USD,ARKF
2019-05-23,21.4600,21.4600,21.1560,21.2510,27145,USD,ARKF
2019-05-22,21.7600,21.8990,21.7300,21.7600,15202,USD,ARKF
2019-05-21,21.7300,21.8400,21.7300,21.8000,11287,USD,ARKF
2019-05-20,21.5800,21.6900,21.4600,21.5500,54580,USD,ARKF
2019-05-17,21.9700,22.1300,21.8700,21.8700,22528,USD,ARKF
2019-05-16,22.1100,22.4800,22.1100,22.3160,46159,USD,ARKF
2019-05-15,21.7500,22.1000,21.6800,22.0580,63508,USD,ARKF
2019-05-14,21.6100,21.9390,21.5500,21.8480,18822,USD,ARKF
2019-05-13,21.7400,21.7400,21.4200,21.4200,37261,USD,ARKF
2019-05-10,22.2700,22.3530,21.9590,22.2800,19739,USD,ARKF
2019-05-09,22.0100,22.2700,21.7740,22.2210,31895,USD,ARKF
2019-05-08,22.3100,22.4900,22.2650,22.3690,32300,USD,ARKF
2019-05-07,22.5800,22.5900,22.0630,22.2280,48334,USD,ARKF
2019-05-06,22.2200,22.7400,22.1000,22.7150,50301,USD,ARKF
2019-05-03,22.5600,22.8130,22.4830,22.8130,45068,USD,ARKF
2019-05-02,22.5000,22.5000,22.1700,22.3730,34148,USD,ARKF
2019-05-01,22.8200,22.9200,22.6200,22.6490,39694,USD,ARKF
2019-04-30,22.6700,22.7000,22.5500,22.6600,39252,USD,ARKF
2019-04-29,22.6200,22.7290,22.6200,22.6550,18192,USD,ARKF
2019-04-26,22.5300,22.5999,22.3800,22.5779,19223,USD,ARKF
2019-04-25,22.5000,22.5500,22.3450,22.5090,23750,USD,ARKF
2019-04-24,22.6900,22.7600,22.5600,22.5600,31767,USD,ARKF
2019-04-23,22.4100,22.6740,22.4100,22.6260,22870,USD,ARKF
2019-04-22,22.1900,22.4020,22.1900,22.4020,14130,USD,ARKF
2019-04-18,22.3300,22.3300,22.0880,22.2590,14953,USD,ARKF
2019-04-17,22.5300,22.6300,22.2900,22.3500,15382,USD,ARKF
2019-04-16,22.3700,22.4200,22.3000,22.3700,38586,USD,ARKF
2019-04-15,22.3000,22.3200,22.1490,22.2250,21237,USD,ARKF
2019-04-12,22.3200,22.4400,22.2000,22.2890,35005,USD,ARKF
2019-04-11,22.2200,22.2200,22.1300,22.1400,20966,USD,ARKF
2019-04-10,22.1800,22.2900,22.1640,22.2850,14522,USD,ARKF
2019-04-09,22.2400,22.2600,22.1180,22.1180,17349,USD,ARKF
2019-04-08,22.1500,22.2400,22.0390,22.2300,27822,USD,ARKF
2019-04-05,22.0600,22.1700,22.0600,22.1290,23852,USD,ARKF
2019-04-04,22.0800,22.0800,21.7800,21.8850,22460,USD,ARKF
2019-04-03,22.0200,22.2050,22.0200,22.0620,26320,USD,ARKF
2019-04-02,21.8500,21.8500,21.7300,21.8150,32315,USD,ARKF
2019-04-01,21.6800,21.8410,21.6100,21.8410,29682,USD,ARKF
2019-03-29,21.4600,21.5770,21.4500,21.5600,24737,USD,ARKF
2019-03-28,21.2800,21.3990,21.1800,21.3620,28642,USD,ARKF
2019-03-27,21.3450,21.3700,21.0000,21.1820,36631,USD,ARKF
2019-03-26,21.3900,21.4380,21.1750,21.2720,19425,USD,ARKF
2019-03-25,21.1000,21.2100,20.9700,21.1420,24477,USD,ARKF
2019-03-22,21.6400,21.6700,21.1600,21.1660,32027,USD,ARKF
2019-03-21,21.2900,21.7600,21.2580,21.7390,24349,USD,ARKF
2019-03-20,21.5000,21.5600,21.2100,21.4300,31815,USD,ARKF
2019-03-19,21.5700,21.6000,21.4501,21.5200,66114,USD,ARKF
2019-03-18,21.5000,21.5770,21.3700,21.5000,72371,USD,ARKF
2019-03-15,21.2900,21.4054,21.2700,21.3257,13299,USD,ARKF
2019-03-14,21.2200,21.3000,21.2200,21.2420,30545,USD,ARKF
2019-03-13,21.2100,21.4100,21.2100,21.3230,18991,USD,ARKF
2019-03-12,21.1000,21.1890,21.0380,21.1320,22923,USD,ARKF
2019-03-11,20.8900,21.1200,20.8870,21.0900,9887,USD,ARKF
2019-03-08,20.3200,20.5370,20.1600,20.5370,26097,USD,ARKF
2019-03-07,20.9400,20.9400,20.6000,20.6530,22747,USD,ARKF
2019-03-06,21.1500,21.1500,20.9300,20.9470,17625,USD,ARKF
2019-03-05,21.0000,21.1490,20.8700,21.0900,9405,USD,ARKF
2019-03-04,21.3200,21.3400,20.7500,20.9470,21197,USD,ARKF
2019-03-01,21.3900,21.3900,21.1130,21.2090,29523,USD,ARKF
2019-02-28,21.0800,21.2900,21.0500,21.2100,51693,USD,ARKF
2019-02-27,20.9800,21.2400,20.9300,21.2200,25560,USD,ARKF
2019-02-26,21.1600,21.1600,20.9700,21.0910,31448,USD,ARKF
2019-02-25,21.3000,21.4000,21.1955,21.2061,54430,USD,ARKF
2019-02-22,20.7800,21.0572,20.7800,21.0572,61966,USD,ARKF
2019-02-21,20.6200,20.6200,20.4500,20.5040,10032,USD,ARKF
2019-02-20,20.7500,20.8140,20.6000,20.6100,9384,USD,ARKF
2019-02-19,20.6200,20.8300,20.6200,20.7700,98283,USD,ARKF
2019-02-15,20.6600,20.6600,20.5410,20.6160,11848,USD,ARKF
2019-02-14,20.4800,20.6200,20.4000,20.5800,13867,USD,ARKF
2019-02-13,20.6100,20.7100,20.5700,20.5700,23961,USD,ARKF
2019-02-12,20.4300,20.5800,20.4000,20.5750,24894,USD,ARKF
2019-02-11,20.3700,20.4390,20.2600,20.2800,88362,USD,ARKF
2019-02-08,20.0000,20.2100,19.9500,20.1900,18856,USD,ARKF
2019-02-07,20.2900,20.3200,20.0000,20.1700,58199,USD,ARKF
2019-02-06,20.5200,20.5340,20.3100,20.4700,45291,USD,ARKF
2019-02-05,20.4800,20.6100,20.4300,20.5330,110731,USD,ARKF
2019-02-04,20.1600,20.4000,20.1570,20.4000,57925,USD,ARKF
