Date,Open,High,Low,Close,AdjClose,Volume
2019-02-05,25.43000030517578,25.454999923706055,25.3799991607666,25.454999923706055,24.397214889526367,5300
2019-02-06,25.610000610351562,25.610000610351562,25.450000762939453,25.4950008392334,24.4355525970459,11400
2019-02-07,25.489999771118164,25.489999771118164,25.299999237060547,25.350000381469727,24.296579360961914,12700
2019-02-08,25.290000915527344,25.299999237060547,25.209999084472656,25.290000915527344,24.239070892333984,20000
2019-02-11,25.389999389648438,25.399999618530273,25.309999465942383,25.350000381469727,24.296579360961914,12500
2019-02-12,25.520000457763672,25.530000686645508,25.450000762939453,25.5049991607666,24.44513511657715,31700
2019-02-13,25.700000762939453,25.700000762939453,25.5,25.540000915527344,24.47868537902832,6400
2019-02-14,25.65999984741211,25.65999984741211,25.600000381469727,25.6200008392334,24.555356979370117,3700
2019-02-15,25.729999542236328,25.829999923706055,25.709999084472656,25.799999237060547,24.727876663208008,7400
2019-02-19,25.850000381469727,25.940000534057617,25.84000015258789,25.889999389648438,24.814136505126953,17300
2019-02-20,25.899999618530273,25.940000534057617,25.8799991607666,25.940000534057617,24.862060546875,12300
2019-02-21,25.920000076293945,25.920000076293945,25.84000015258789,25.8799991607666,24.80455207824707,18800
2019-02-22,25.959999084472656,26.030000686645508,25.8799991607666,25.920000076293945,24.8428897857666,12300
2019-02-25,26.100000381469727,26.15999984741211,26.079999923706055,26.079999923706055,24.99624252319336,10100
2019-02-26,26.110000610351562,26.149999618530273,26.059999465942383,26.06999969482422,24.986656188964844,13800
2019-02-27,26.0,26.020000457763672,25.90999984741211,26.020000457763672,24.938735961914062,14700
2019-02-28,26.010000228881836,26.010000228881836,25.920000076293945,25.93000030517578,24.852476119995117,24100
2019-03-01,26.190000534057617,26.260000228881836,26.149999618530273,26.260000228881836,25.16876220703125,17400
2019-03-04,26.350000381469727,26.350000381469727,26.059999465942383,26.170000076293945,25.082502365112305,20300
2019-03-05,26.239999771118164,26.299999237060547,26.239999771118164,26.290000915527344,25.19751739501953,9700
2019-03-06,26.360000610351562,26.389999389648438,26.299999237060547,26.299999237060547,25.20709800720215,19700
2019-03-07,26.239999771118164,26.239999771118164,26.059999465942383,26.079999923706055,24.99624252319336,15600
2019-03-08,25.8700008392334,25.940000534057617,25.84000015258789,25.93000030517578,24.852476119995117,12800
2019-03-11,26.059999465942383,26.290000915527344,26.059999465942383,26.270000457763672,25.178346633911133,8800
2019-03-12,26.31999969482422,26.31999969482422,26.229999542236328,26.239999771118164,25.14959144592285,18600
2019-03-13,26.31999969482422,26.3700008392334,26.299999237060547,26.299999237060547,25.20709800720215,11300
2019-03-14,26.389999389648438,26.389999389648438,26.280000686645508,26.280000686645508,25.187931060791016,6600
2019-03-15,26.469999313354492,26.5,26.440000534057617,26.450000762939453,25.350866317749023,12200
2019-03-18,26.540000915527344,26.610000610351562,26.540000915527344,26.600000381469727,25.4946346282959,11000
2019-03-19,26.610000610351562,26.639999389648438,26.540000915527344,26.540000915527344,25.4371280670166,18900
2019-03-20,26.5,26.520000457763672,26.40999984741211,26.459999084472656,25.360450744628906,11700
2019-03-21,26.479999542236328,26.75,26.440000534057617,26.75,25.63840103149414,8500
2019-03-22,26.639999389648438,26.639999389648438,26.31999969482422,26.31999969482422,25.226266860961914,26600
2019-03-25,26.31999969482422,26.329999923706055,26.25,26.290000915527344,25.19751739501953,10000
2019-03-26,26.440000534057617,26.5,26.350000381469727,26.3700008392334,25.27419090270996,9700
2019-03-27,26.469999313354492,26.479999542236328,26.299999237060547,26.3799991607666,25.283775329589844,6900
2019-03-28,26.420000076293945,26.479999542236328,26.360000610351562,26.479999542236328,25.379619598388672,30400
2019-03-29,26.559999465942383,26.559999465942383,26.43000030517578,26.450000762939453,25.350866317749023,13500
2019-04-01,26.639999389648438,26.709999084472656,26.639999389648438,26.709999084472656,25.600059509277344,9400
2019-04-02,26.780000686645508,26.780000686645508,26.690000534057617,26.75,25.63840103149414,12200
2019-04-03,26.8700008392334,26.889999389648438,26.790000915527344,26.790000915527344,25.676738739013672,12500
2019-04-04,26.84000015258789,26.889999389648438,26.81999969482422,26.8700008392334,25.753414154052734,13300
2019-04-05,27.020000457763672,27.059999465942383,27.0,27.059999465942383,25.935518264770508,3400
2019-04-08,27.0,27.0,26.899999618530273,26.979999542236328,25.858842849731445,47800
2019-04-09,26.93000030517578,26.93000030517578,26.829999923706055,26.850000381469727,25.73424530029297,21600
2019-04-10,26.969999313354492,26.979999542236328,26.940000534057617,26.979999542236328,25.858842849731445,8700
2019-04-11,27.020000457763672,27.059999465942383,26.979999542236328,27.010000228881836,25.887596130371094,41900
2019-04-12,27.110000610351562,27.1200008392334,27.06999969482422,27.09000015258789,25.964271545410156,9800
2019-04-15,27.100000381469727,27.190000534057617,27.06999969482422,27.170000076293945,26.04094886779785,13400
2019-04-16,27.270000457763672,27.270000457763672,27.170000076293945,27.170000076293945,26.04094886779785,36800
2019-04-17,27.31999969482422,27.31999969482422,27.1299991607666,27.18000030517578,26.0505313873291,57200
2019-04-18,27.270000457763672,27.280000686645508,27.18000030517578,27.260000228881836,26.127206802368164,15700
2019-04-22,27.219999313354492,27.219999313354492,27.139999389648438,27.200000762939453,26.069700241088867,21000
2019-04-23,27.309999465942383,27.389999389648438,27.309999465942383,27.389999389648438,26.25180435180664,2000
2019-04-24,27.459999084472656,27.510000228881836,27.399999618530273,27.450000762939453,26.30931282043457,18300
2019-04-25,27.420000076293945,27.43000030517578,27.299999237060547,27.399999618530273,26.261390686035156,21800
2019-04-26,27.420000076293945,27.440000534057617,27.31999969482422,27.43000030517578,26.290143966674805,8900
2019-04-29,27.469999313354492,27.510000228881836,27.459999084472656,27.459999084472656,26.318893432617188,28400
2019-04-30,27.489999771118164,27.489999771118164,27.3799991607666,27.399999618530273,26.261390686035156,27600
2019-05-01,27.479999542236328,27.479999542236328,27.329999923706055,27.329999923706055,26.194297790527344,28900
2019-05-02,27.329999923706055,27.360000610351562,27.190000534057617,27.25,26.11762237548828,22500
2019-05-03,27.3799991607666,27.440000534057617,27.31999969482422,27.40999984741211,26.270973205566406,16400
2019-05-06,27.25,27.34000015258789,27.1200008392334,27.329999923706055,26.194297790527344,35800
2019-05-07,27.25,27.25,26.899999618530273,26.969999313354492,25.84925651550293,40300
2019-05-08,26.969999313354492,27.059999465942383,26.93000030517578,27.020000457763672,25.897180557250977,8900
2019-05-09,26.780000686645508,26.8799991607666,26.649999618530273,26.850000381469727,25.73424530029297,14100
2019-05-10,26.729999542236328,26.8799991607666,26.5,26.809999465942383,25.695905685424805,16200
2019-05-13,26.549999237060547,26.579999923706055,26.31999969482422,26.350000381469727,25.255023956298828,55900
2019-05-14,26.59000015258789,26.700000762939453,26.520000457763672,26.6299991607666,25.523386001586914,11400
2019-05-15,26.530000686645508,26.700000762939453,26.489999771118164,26.690000534057617,25.58089256286621,29900
2019-05-16,26.760000228881836,26.959999084472656,26.760000228881836,26.8700008392334,25.753414154052734,4700
2019-05-17,26.770000457763672,26.899999618530273,26.709999084472656,26.719999313354492,25.60964584350586,24500
2019-05-21,26.68000030517578,26.729999542236328,26.649999618530273,26.729999542236328,25.619232177734375,24400
2019-05-22,26.649999618530273,26.649999618530273,26.56999969482422,26.649999618530273,25.542556762695312,13400
2019-05-23,26.520000457763672,26.520000457763672,26.309999465942383,26.399999618530273,25.30294418334961,24500
2019-05-24,26.540000915527344,26.540000915527344,26.43000030517578,26.469999313354492,25.37003517150879,8100
2019-05-27,26.469999313354492,26.614999771118164,26.469999313354492,26.610000610351562,25.50421905517578,7200
2019-05-28,26.610000610351562,26.649999618530273,26.450000762939453,26.450000762939453,25.350866317749023,13500
2019-05-29,26.350000381469727,26.350000381469727,26.209999084472656,26.290000915527344,25.19751739501953,12500
2019-05-30,26.31999969482422,26.329999923706055,26.229999542236328,26.280000686645508,25.187931060791016,26800
2019-05-31,26.209999084472656,26.209999084472656,26.079999923706055,26.1200008392334,25.03458023071289,15800
2019-06-03,26.149999618530273,26.209999084472656,25.950000762939453,26.0,24.919567108154297,19200
2019-06-04,26.190000534057617,26.31999969482422,26.149999618530273,26.31999969482422,25.226266860961914,9100
2019-06-05,26.489999771118164,26.489999771118164,26.299999237060547,26.43000030517578,25.331697463989258,14200
2019-06-06,26.510000228881836,26.510000228881836,26.399999618530273,26.489999771118164,25.389204025268555,6500
2019-06-07,26.489999771118164,26.6200008392334,26.479999542236328,26.549999237060547,25.446712493896484,8400
2019-06-10,26.809999465942383,26.809999465942383,26.600000381469727,26.600000381469727,25.4946346282959,46100
2019-06-11,26.829999923706055,26.829999923706055,26.68000030517578,26.690000534057617,25.58089256286621,6200
2019-06-12,26.690000534057617,26.690000534057617,26.600000381469727,26.670000076293945,25.561723709106445,15200
2019-06-13,26.770000457763672,26.770000457763672,26.68000030517578,26.709999084472656,25.600059509277344,11700
2019-06-14,26.719999313354492,26.829999923706055,26.690000534057617,26.809999465942383,25.695905685424805,34300
2019-06-17,26.829999923706055,26.850000381469727,26.799999237060547,26.829999923706055,25.715076446533203,17900
2019-06-18,27.030000686645508,27.18000030517578,27.030000686645508,27.09000015258789,25.964271545410156,38900
2019-06-19,27.110000610351562,27.110000610351562,27.049999237060547,27.079999923706055,25.954687118530273,15100
2019-06-20,27.18000030517578,27.18000030517578,27.049999237060547,27.139999389648438,26.01219367980957,17700
2019-06-21,27.1200008392334,27.1299991607666,27.079999923706055,27.079999923706055,25.954687118530273,8200
2019-06-24,27.110000610351562,27.110000610351562,27.020000457763672,27.020000457763672,25.897180557250977,8200
2019-06-25,27.010000228881836,27.010000228881836,26.799999237060547,26.799999237060547,25.686323165893555,15200
2019-06-26,26.799999237060547,26.81999969482422,26.700000762939453,26.700000762939453,25.590478897094727,20000
2019-06-27,26.780000686645508,26.780000686645508,26.709999084472656,26.739999771118164,25.628816604614258,19300
2019-06-28,26.829999923706055,26.860000610351562,26.770000457763672,26.850000381469727,25.73424530029297,21100
2019-07-02,27.149999618530273,27.149999618530273,27.059999465942383,27.110000610351562,25.983440399169922,18200
2019-07-03,27.15999984741211,27.290000915527344,27.139999389648438,27.290000915527344,26.155960083007812,7500
2019-07-04,27.510000228881836,27.510000228881836,27.25,27.329999923706055,26.194297790527344,23500
2019-07-05,27.200000762939453,27.200000762939453,27.09000015258789,27.139999389648438,26.01219367980957,10500
2019-07-08,27.059999465942383,27.059999465942383,27.0,27.059999465942383,25.935518264770508,8600
2019-07-09,27.010000228881836,27.1200008392334,26.989999771118164,27.1200008392334,25.993024826049805,27500
2019-07-10,27.170000076293945,27.290000915527344,27.110000610351562,27.1299991607666,26.002609252929688,7100
2019-07-11,27.200000762939453,27.200000762939453,27.09000015258789,27.110000610351562,25.983440399169922,9400
2019-07-12,27.110000610351562,27.1200008392334,27.079999923706055,27.100000381469727,25.97385597229004,16700
2019-07-15,27.170000076293945,27.170000076293945,27.110000610351562,27.149999618530273,26.021778106689453,12900
2019-07-16,27.15999984741211,27.15999984741211,27.100000381469727,27.139999389648438,26.01219367980957,17900
2019-07-17,27.1200008392334,27.149999618530273,27.0,27.0,25.87801170349121,60800
2019-07-18,27.0,27.059999465942383,26.959999084472656,27.040000915527344,25.916351318359375,9900
2019-07-19,27.350000381469727,27.350000381469727,27.010000228881836,27.010000228881836,25.887596130371094,9300
2019-07-22,27.110000610351562,27.1299991607666,27.079999923706055,27.1200008392334,25.993024826049805,19900
2019-07-23,27.280000686645508,27.290000915527344,27.209999084472656,27.270000457763672,26.13679313659668,13200
2019-07-24,27.25,27.3799991607666,27.25,27.350000381469727,26.213468551635742,10600
2019-07-25,27.3700008392334,27.3700008392334,27.200000762939453,27.209999084472656,26.07928466796875,22700
2019-07-26,27.299999237060547,27.389999389648438,27.299999237060547,27.3799991607666,26.242219924926758,7200
2019-07-29,27.350000381469727,27.350000381469727,27.280000686645508,27.290000915527344,26.155960083007812,29900
2019-07-30,27.190000534057617,27.209999084472656,27.149999618530273,27.149999618530273,26.021778106689453,17000
2019-07-31,27.200000762939453,27.200000762939453,26.8799991607666,27.06999969482422,25.945100784301758,26400
2019-08-01,27.100000381469727,27.260000228881836,26.860000610351562,26.860000610351562,25.74382972717285,28900
2019-08-02,26.889999389648438,26.889999389648438,26.549999237060547,26.65999984741211,25.552139282226562,27100
2019-08-06,26.270000457763672,26.350000381469727,26.06999969482422,26.350000381469727,25.255023956298828,34700
2019-08-07,26.25,26.530000686645508,26.200000762939453,26.520000457763672,25.417957305908203,12300
2019-08-08,26.690000534057617,26.760000228881836,26.639999389648438,26.760000228881836,25.647985458374023,32000
2019-08-09,26.690000534057617,26.690000534057617,26.5,26.579999923706055,25.4754638671875,31400
2019-08-12,26.510000228881836,26.510000228881836,26.260000228881836,26.350000381469727,25.255023956298828,22800
2019-08-13,26.399999618530273,26.639999389648438,26.3700008392334,26.610000610351562,25.50421905517578,27100
2019-08-14,26.309999465942383,26.389999389648438,26.059999465942383,26.059999465942383,24.97707176208496,42300
2019-08-15,26.040000915527344,26.1299991607666,25.969999313354492,26.110000610351562,25.024993896484375,36900
2019-08-16,26.260000228881836,26.389999389648438,26.25,26.350000381469727,25.255023956298828,8600
2019-08-19,26.65999984741211,26.690000534057617,26.559999465942383,26.68000030517578,25.571308135986328,17100
2019-08-20,26.6299991607666,26.6299991607666,26.530000686645508,26.530000686645508,25.42754364013672,16400
2019-08-21,26.649999618530273,26.670000076293945,26.610000610351562,26.65999984741211,25.552139282226562,3700
2019-08-22,26.65999984741211,26.65999984741211,26.530000686645508,26.639999389648438,25.532970428466797,8800
2019-08-23,26.56999969482422,26.6200008392334,26.100000381469727,26.100000381469727,25.015411376953125,41300
2019-08-26,26.3700008392334,26.3700008392334,26.229999542236328,26.229999542236328,25.1400089263916,18400
2019-08-27,26.389999389648438,26.389999389648438,26.239999771118164,26.3700008392334,25.27419090270996,7700
2019-08-28,26.260000228881836,26.469999313354492,26.260000228881836,26.459999084472656,25.360450744628906,9700
2019-08-29,26.670000076293945,26.75,26.6200008392334,26.68000030517578,25.571308135986328,10100
2019-08-30,26.81999969482422,26.81999969482422,26.690000534057617,26.809999465942383,25.695905685424805,19100
2019-09-03,26.700000762939453,26.760000228881836,26.6200008392334,26.700000762939453,25.590478897094727,25400
2019-09-04,26.90999984741211,26.959999084472656,26.770000457763672,26.780000686645508,25.667156219482422,10900
2019-09-05,27.0,27.1299991607666,26.959999084472656,27.079999923706055,25.954687118530273,15700
2019-09-06,27.030000686645508,27.06999969482422,27.0,27.030000686645508,25.90676498413086,5400
2019-09-09,27.06999969482422,27.06999969482422,26.940000534057617,26.979999542236328,25.858842849731445,9600
2019-09-10,27.020000457763672,27.020000457763672,26.90999984741211,27.0,25.87801170349121,16700
2019-09-11,27.079999923706055,27.25,27.06999969482422,27.25,26.11762237548828,42900
2019-09-12,27.309999465942383,27.440000534057617,27.299999237060547,27.440000534057617,26.299726486206055,11200
2019-09-13,27.489999771118164,27.56999969482422,27.469999313354492,27.559999465942383,26.41473960876465,4300
2019-09-16,27.520000457763672,27.520000457763672,27.399999618530273,27.450000762939453,26.30931282043457,23000
2019-09-17,27.450000762939453,27.530000686645508,27.450000762939453,27.530000686645508,26.385990142822266,9500
2019-09-18,27.479999542236328,27.549999237060547,27.420000076293945,27.420000076293945,26.280559539794922,6700
2019-09-19,27.610000610351562,27.670000076293945,27.559999465942383,27.559999465942383,26.41473960876465,16600
2019-09-20,27.75,27.75,27.510000228881836,27.540000915527344,26.395572662353516,12100
2019-09-23,27.489999771118164,27.540000915527344,27.440000534057617,27.5,26.35723304748535,11200
2019-09-24,27.579999923706055,27.579999923706055,27.25,27.274999618530273,26.141584396362305,16000
2019-09-25,27.299999237060547,27.309999465942383,27.200000762939453,27.299999237060547,26.165544509887695,8500
2019-09-26,27.3799991607666,27.3799991607666,27.290000915527344,27.360000610351562,26.223052978515625,21300
2019-09-27,27.360000610351562,27.360000610351562,27.100000381469727,27.139999389648438,26.01219367980957,11100
2019-09-30,27.229999542236328,27.280000686645508,27.219999313354492,27.229999542236328,26.098453521728516,13400
2019-10-01,27.299999237060547,27.299999237060547,26.8700008392334,26.8799991607666,25.762996673583984,21300
2019-10-02,26.75,26.75,26.510000228881836,26.639999389648438,25.532970428466797,13900
2019-10-03,26.700000762939453,26.809999465942383,26.489999771118164,26.780000686645508,25.667156219482422,16800
2019-10-04,26.889999389648438,27.030000686645508,26.8700008392334,27.030000686645508,25.90676498413086,6500
2019-10-07,27.020000457763672,27.079999923706055,26.940000534057617,26.959999084472656,25.83967399597168,7300
2019-10-08,26.8700008392334,26.8700008392334,26.670000076293945,26.670000076293945,25.561723709106445,8100
2019-10-09,26.850000381469727,26.93000030517578,26.829999923706055,26.93000030517578,25.810922622680664,6700
2019-10-10,26.889999389648438,27.030000686645508,26.889999389648438,26.959999084472656,25.83967399597168,9100
2019-10-11,27.149999618530273,27.229999542236328,27.1299991607666,27.209999084472656,26.07928466796875,5300
2019-10-15,27.200000762939453,27.329999923706055,27.190000534057617,27.270000457763672,26.13679313659668,9600
2019-10-16,27.280000686645508,27.280000686645508,27.209999084472656,27.219999313354492,26.088869094848633,9100
2019-10-17,27.309999465942383,27.309999465942383,27.190000534057617,27.229999542236328,26.098453521728516,175800
2019-10-18,27.270000457763672,27.270000457763672,27.100000381469727,27.139999389648438,26.01219367980957,4900
2019-10-21,27.239999771118164,27.239999771118164,27.200000762939453,27.209999084472656,26.07928466796875,8100
2019-10-22,27.309999465942383,27.309999465942383,27.200000762939453,27.209999084472656,26.07928466796875,10400
2019-10-23,27.149999618530273,27.200000762939453,27.1299991607666,27.1299991607666,26.002609252929688,8900
2019-10-24,27.229999542236328,27.25,27.170000076293945,27.25,26.11762237548828,6700
2019-10-25,27.299999237060547,27.31999969482422,27.299999237060547,27.299999237060547,26.165544509887695,4800
2019-10-28,27.40999984741211,27.40999984741211,27.3799991607666,27.3799991607666,26.242219924926758,6500
2019-10-29,27.350000381469727,27.459999084472656,27.31999969482422,27.43000030517578,26.290143966674805,14700
2019-10-30,27.450000762939453,27.6299991607666,27.40999984741211,27.6299991607666,26.481830596923828,22700
2019-10-31,27.6299991607666,27.6299991607666,27.440000534057617,27.549999237060547,26.4051570892334,8700
2019-11-01,27.65999984741211,27.799999237060547,27.65999984741211,27.770000457763672,26.61601448059082,8800
2019-11-04,27.90999984741211,27.950000762939453,27.90999984741211,27.920000076293945,26.759782791137695,20600
2019-11-05,27.959999084472656,27.969999313354492,27.90999984741211,27.950000762939453,26.78853416442871,10800
2019-11-06,27.959999084472656,28.030000686645508,27.920000076293945,27.989999771118164,26.826871871948242,8300
2019-11-07,28.139999389648438,28.15999984741211,28.09000015258789,28.09000015258789,26.92271614074707,7300
2019-11-08,28.139999389648438,28.18000030517578,28.139999389648438,28.18000030517578,27.00897789001465,4000
2019-11-11,28.079999923706055,28.149999618530273,28.079999923706055,28.139999389648438,26.970638275146484,9900
2019-11-12,28.200000762939453,28.239999771118164,28.139999389648438,28.219999313354492,27.047313690185547,12100
2019-11-13,28.149999618530273,28.219999313354492,28.139999389648438,28.219999313354492,27.047313690185547,13900
2019-11-14,28.209999084472656,28.219999313354492,28.1299991607666,28.190000534057617,27.01856231689453,15900
2019-11-15,28.299999237060547,28.360000610351562,28.280000686645508,28.360000610351562,27.18149757385254,6000
2019-11-18,28.3799991607666,28.3799991607666,28.299999237060547,28.329999923706055,27.15274429321289,24500
2019-11-19,28.43000030517578,28.469999313354492,28.31999969482422,28.43000030517578,27.24858856201172,14100
2019-11-20,28.3799991607666,28.469999313354492,28.309999465942383,28.40999984741211,27.229419708251953,19400
2019-11-21,28.3700008392334,28.3700008392334,28.25,28.299999237060547,27.12398910522461,28500
2019-11-22,28.3700008392334,28.3700008392334,28.290000915527344,28.350000381469727,27.171913146972656,9900
2019-11-25,28.399999618530273,28.579999923706055,28.399999618530273,28.549999237060547,27.36359977722168,15300
2019-11-26,28.510000228881836,28.559999465942383,28.510000228881836,28.510000228881836,27.32526206970215,4400
2019-11-27,28.59000015258789,28.68000030517578,28.59000015258789,28.68000030517578,27.488197326660156,6100
2019-11-28,28.81999969482422,28.81999969482422,28.69499969482422,28.709999084472656,27.516952514648438,47100
2019-11-29,28.670000076293945,28.670000076293945,28.549999237060547,28.59000015258789,27.401939392089844,20600
2019-12-02,28.56999969482422,28.56999969482422,28.329999923706055,28.389999389648438,27.210248947143555,16400
2019-12-03,28.170000076293945,28.200000762939453,28.100000381469727,28.200000762939453,27.028146743774414,19300
2019-12-04,28.309999465942383,28.3799991607666,28.235000610351562,28.235000610351562,27.061691284179688,10700
2019-12-05,28.229999542236328,28.229999542236328,28.149999618530273,28.190000534057617,27.01856231689453,35200
2019-12-06,28.489999771118164,28.600000381469727,28.489999771118164,28.56999969482422,27.382768630981445,6700
2019-12-09,28.559999465942383,28.559999465942383,28.424999237060547,28.424999237060547,27.24379539489746,27600
2019-12-10,28.440000534057617,28.459999084472656,28.399999618530273,28.420000076293945,27.239002227783203,7300
2019-12-11,28.469999313354492,28.469999313354492,28.3799991607666,28.40999984741211,27.229419708251953,5800
2019-12-12,28.459999084472656,28.65999984741211,28.450000762939453,28.6299991607666,27.440275192260742,10500
2019-12-13,28.649999618530273,28.760000228881836,28.639999389648438,28.709999084472656,27.516952514648438,9200
2019-12-16,28.770000457763672,28.8799991607666,28.770000457763672,28.860000610351562,27.66071891784668,13300
2019-12-17,28.899999618530273,28.899999618530273,28.84000015258789,28.8799991607666,27.679887771606445,7300
2019-12-18,28.850000381469727,28.850000381469727,28.75,28.780000686645508,27.584043502807617,13600
2019-12-19,28.799999237060547,28.8700008392334,28.770000457763672,28.8700008392334,27.670303344726562,9100
2019-12-20,28.8799991607666,29.079999923706055,28.8799991607666,29.020000457763672,27.814069747924805,8000
2019-12-23,29.15999984741211,29.15999984741211,29.020000457763672,29.020000457763672,27.814069747924805,25200
2019-12-24,29.059999465942383,29.059999465942383,29.0,29.049999237060547,27.842823028564453,5000
2019-12-27,29.18000030517578,29.18000030517578,29.0,29.010000228881836,27.804485321044922,18100
2019-12-30,28.75,28.75,28.459999084472656,28.459999084472656,27.662574768066406,43800
2019-12-31,28.3799991607666,28.3799991607666,28.280000686645508,28.350000381469727,27.5556583404541,20600
2020-01-02,28.59000015258789,28.6299991607666,28.510000228881836,28.579999923706055,27.779212951660156,30900
2020-01-03,28.399999618530273,28.520000457763672,28.3799991607666,28.43000030517578,27.6334171295166,31800
2020-01-06,28.399999618530273,28.459999084472656,28.309999465942383,28.459999084472656,27.662574768066406,46300
2020-01-07,28.540000915527344,28.56999969482422,28.469999313354492,28.510000228881836,27.7111759185791,51700
2020-01-08,28.559999465942383,28.700000762939453,28.520000457763672,28.65999984741211,27.856971740722656,47200
2020-01-09,28.84000015258789,28.8799991607666,28.790000915527344,28.790000915527344,27.98332977294922,41700
2020-01-10,28.84000015258789,28.84000015258789,28.739999771118164,28.739999771118164,27.934730529785156,27100
2020-01-13,28.8799991607666,28.93000030517578,28.75,28.93000030517578,28.119407653808594,49800
2020-01-14,28.940000534057617,28.979999542236328,28.899999618530273,28.969999313354492,28.15828514099121,39900
2020-01-15,28.979999542236328,29.010000228881836,28.920000076293945,28.920000076293945,28.10968780517578,26000
2020-01-16,29.1200008392334,29.1299991607666,29.059999465942383,29.1299991607666,28.31380271911621,29100
2020-01-17,29.25,29.270000457763672,29.200000762939453,29.260000228881836,28.440160751342773,44800
2020-01-20,29.34000015258789,29.34000015258789,29.25,29.280000686645508,28.4596004486084,35500
2020-01-21,29.219999313354492,29.219999313354492,29.139999389648438,29.15999984741211,28.34296226501465,52800
2020-01-22,29.219999313354492,29.389999389648438,29.219999313354492,29.315000534057617,28.493619918823242,28800
2020-01-23,29.280000686645508,29.280000686645508,29.149999618530273,29.280000686645508,28.4596004486084,35200
2020-01-24,29.350000381469727,29.350000381469727,29.040000915527344,29.09000015258789,28.27492332458496,54800
2020-01-27,28.8700008392334,28.8700008392334,28.68000030517578,28.75,27.94445037841797,70600
2020-01-28,28.899999618530273,28.969999313354492,28.809999465942383,28.93000030517578,28.119407653808594,32500
2020-01-29,29.059999465942383,29.079999923706055,28.950000762939453,28.969999313354492,28.15828514099121,14600
2020-01-30,28.81999969482422,28.979999542236328,28.719999313354492,28.979999542236328,28.168006896972656,56000
2020-01-31,28.969999313354492,28.969999313354492,28.489999771118164,28.530000686645508,27.730615615844727,53500
2020-02-03,28.649999618530273,28.8700008392334,28.649999618530273,28.81999969482422,28.012489318847656,49200
2020-02-04,29.100000381469727,29.260000228881836,29.100000381469727,29.170000076293945,28.35268211364746,22100
2020-02-05,29.489999771118164,29.5,29.3700008392334,29.469999313354492,28.644275665283203,21600
2020-02-06,29.59000015258789,29.600000381469727,29.510000228881836,29.56999969482422,28.741474151611328,27300
2020-02-07,29.5,29.5,29.3799991607666,29.399999618530273,28.576236724853516,19700
2020-02-10,29.389999389648438,29.510000228881836,29.389999389648438,29.510000228881836,28.683155059814453,16000
2020-02-11,29.610000610351562,29.739999771118164,29.610000610351562,29.639999389648438,28.809513092041016,24900
2020-02-12,29.790000915527344,29.790000915527344,29.68000030517578,29.75,28.916431427001953,36000
2020-02-13,29.6200008392334,29.729999542236328,29.59000015258789,29.690000534057617,28.858112335205078,33100
2020-02-14,29.690000534057617,29.700000762939453,29.600000381469727,29.690000534057617,28.858112335205078,21300
2020-02-18,29.690000534057617,29.690000534057617,29.530000686645508,29.610000610351562,28.780353546142578,49600
2020-02-19,29.68000030517578,29.739999771118164,29.68000030517578,29.700000762939453,28.867834091186523,27400
2020-02-20,29.670000076293945,29.719999313354492,29.469999313354492,29.649999618530273,28.819232940673828,48800
2020-02-21,29.600000381469727,29.600000381469727,29.31999969482422,29.3799991607666,28.55679702758789,54100
2020-02-24,28.770000457763672,28.770000457763672,28.5,28.639999389648438,27.83753204345703,117700
2020-02-25,28.719999313354492,28.719999313354492,27.8799991607666,27.940000534057617,27.157146453857422,94500
2020-02-26,28.09000015258789,28.31999969482422,27.899999618530273,27.899999618530273,27.11826515197754,68500
2020-02-27,27.549999237060547,27.709999084472656,27.049999237060547,27.59000015258789,26.816951751708984,54100
2020-02-28,26.549999237060547,26.739999771118164,26.149999618530273,26.540000915527344,25.79637336730957,183400
2020-03-02,26.809999465942383,27.3799991607666,26.600000381469727,27.3799991607666,26.612834930419922,107700
2020-03-03,27.780000686645508,27.829999923706055,26.8700008392334,27.190000534057617,26.42816162109375,117300
2020-03-04,27.459999084472656,27.850000381469727,27.229999542236328,27.850000381469727,27.06966781616211,48000
2020-03-05,27.43000030517578,27.549999237060547,27.049999237060547,27.170000076293945,26.408721923828125,66900
2020-03-06,26.670000076293945,26.770000457763672,26.31999969482422,26.75,26.00048828125,78700
2020-03-09,25.899999618530273,26.299999237060547,24.719999313354492,24.719999313354492,24.027366638183594,307300
2020-03-10,25.700000762939453,25.809999465942383,24.969999313354492,25.75,25.028507232666016,123700
2020-03-11,25.260000228881836,25.260000228881836,24.399999618530273,24.59000015258789,23.901010513305664,123600
2020-03-12,23.440000534057617,23.829999923706055,22.059999465942383,22.09000015258789,21.471057891845703,369600
2020-03-13,24.200000762939453,24.25,22.34000015258789,23.889999389648438,23.220623016357422,159900
2020-03-16,21.8700008392334,22.510000228881836,21.40999984741211,21.540000915527344,20.93646812438965,310400
2020-03-17,22.139999389648438,22.850000381469727,21.540000915527344,22.540000915527344,21.908449172973633,65000
2020-03-18,22.5,22.5,20.829999923706055,21.399999618530273,20.800390243530273,261000
2020-03-19,21.459999084472656,22.209999084472656,20.799999237060547,21.920000076293945,21.30582046508789,183900
2020-03-20,21.920000076293945,22.34000015258789,21.18000030517578,21.200000762939453,20.605995178222656,155500
2020-03-23,21.1200008392334,21.200000762939453,20.549999237060547,20.690000534057617,20.11028480529785,162100
2020-03-24,21.709999084472656,22.649999618530273,21.709999084472656,22.6299991607666,21.995925903320312,165900
2020-03-25,22.709999084472656,23.700000762939453,22.34000015258789,22.950000762939453,22.306962966918945,142400
2020-03-26,22.90999984741211,23.719999313354492,22.90999984741211,23.719999313354492,23.05538558959961,156600
2020-03-27,23.190000534057617,23.190000534057617,22.709999084472656,22.709999084472656,22.073684692382812,116700
2020-03-30,23.149999618530273,23.549999237060547,22.920000076293945,23.549999237060547,22.890148162841797,54700
2020-03-31,23.690000534057617,23.950000762939453,23.329999923706055,23.420000076293945,22.763792037963867,117000
2020-04-01,22.899999618530273,23.020000457763672,22.540000915527344,22.600000381469727,21.966768264770508,163100
2020-04-02,22.6200008392334,23.059999465942383,22.6200008392334,23.0,22.355560302734375,60700
2020-04-03,22.989999771118164,23.0,22.440000534057617,22.59000015258789,21.957046508789062,66600
2020-04-06,23.6200008392334,23.950000762939453,23.43000030517578,23.950000762939453,23.278942108154297,80000
2020-04-07,24.979999542236328,24.979999542236328,23.84000015258789,23.84000015258789,23.17202377319336,109700
2020-04-08,24.06999969482422,24.520000457763672,23.899999618530273,24.5,23.81353187561035,96500
2020-04-09,24.760000228881836,25.059999465942383,24.649999618530273,24.829999923706055,24.13428497314453,129300
2020-04-13,24.989999771118164,24.989999771118164,24.31999969482422,24.479999542236328,23.794090270996094,103800
2020-04-14,24.950000762939453,25.15999984741211,24.8799991607666,25.030000686645508,24.32868194580078,73600
2020-04-15,24.670000076293945,24.809999465942383,24.559999465942383,24.65999984741211,23.96904945373535,48500
2020-04-16,24.809999465942383,24.84000015258789,24.579999923706055,24.739999771118164,24.04680633544922,106800
2020-04-17,25.3799991607666,25.3799991607666,25.030000686645508,25.309999465942383,24.600833892822266,68300
2020-04-20,25.079999923706055,25.440000534057617,25.030000686645508,25.209999084472656,24.503637313842773,84100
2020-04-21,24.90999984741211,24.989999771118164,24.549999237060547,24.600000381469727,23.910730361938477,66500
2020-04-22,25.040000915527344,25.170000076293945,24.940000534057617,25.170000076293945,24.464759826660156,15700
2020-04-23,25.170000076293945,25.229999542236328,24.940000534057617,24.950000762939453,24.25092315673828,47600
2020-04-24,25.100000381469727,25.280000686645508,24.950000762939453,25.270000457763672,24.56195831298828,51400
2020-04-27,25.469999313354492,25.6299991607666,25.360000610351562,25.600000381469727,24.88271141052246,41400
2020-04-28,25.8700008392334,25.8700008392334,25.559999465942383,25.6299991607666,24.911869049072266,45500
2020-04-29,25.989999771118164,26.299999237060547,25.989999771118164,26.219999313354492,25.48533821105957,34700
2020-04-30,26.139999389648438,26.139999389648438,25.700000762939453,25.780000686645508,25.057666778564453,56100
2020-05-01,25.3700008392334,25.56999969482422,25.299999237060547,25.3799991607666,24.668874740600586,49000
2020-05-04,25.290000915527344,25.479999542236328,25.219999313354492,25.469999313354492,24.756351470947266,46500
2020-05-05,25.700000762939453,25.829999923706055,25.65999984741211,25.670000076293945,24.950748443603516,70600
2020-05-06,25.809999465942383,25.8700008392334,25.65999984741211,25.670000076293945,24.950748443603516,28800
2020-05-07,25.920000076293945,25.940000534057617,25.700000762939453,25.700000762939453,24.979907989501953,21200
2020-05-08,25.979999542236328,26.020000457763672,25.899999618530273,26.010000228881836,25.281221389770508,36700
2020-05-11,25.90999984741211,26.25,25.90999984741211,26.200000762939453,25.465900421142578,55800
2020-05-12,26.34000015258789,26.34000015258789,25.809999465942383,25.809999465942383,25.08682632446289,27000
2020-05-13,25.8799991607666,25.8799991607666,25.260000228881836,25.40999984741211,24.698034286499023,41300
2020-05-14,25.1299991607666,25.389999389648438,24.889999389648438,25.34000015258789,24.629995346069336,38500
2020-05-15,25.280000686645508,25.6200008392334,25.280000686645508,25.549999237060547,24.834110260009766,62900
2020-05-19,26.209999084472656,26.25,25.950000762939453,25.950000762939453,25.2229061126709,30700
2020-05-20,26.200000762939453,26.3799991607666,26.200000762939453,26.31999969482422,25.582534790039062,44000
2020-05-21,26.350000381469727,26.350000381469727,26.09000015258789,26.15999984741211,25.427021026611328,20400
2020-05-22,26.299999237060547,26.299999237060547,26.149999618530273,26.209999084472656,25.475618362426758,29900
2020-05-25,26.350000381469727,26.65999984741211,26.350000381469727,26.65999984741211,25.913009643554688,24900
2020-05-26,26.690000534057617,26.690000534057617,26.459999084472656,26.5,25.757492065429688,42000
2020-05-27,26.6299991607666,26.649999618530273,26.270000457763672,26.649999618530273,25.903289794921875,41900
2020-05-28,26.780000686645508,26.959999084472656,26.700000762939453,26.719999313354492,25.971328735351562,50400
2020-05-29,26.68000030517578,26.760000228881836,26.520000457763672,26.729999542236328,25.981048583984375,36700
2020-06-01,26.68000030517578,26.780000686645508,26.68000030517578,26.739999771118164,25.990768432617188,25900
2020-06-02,26.8799991607666,26.950000762939453,26.770000457763672,26.950000762939453,26.19488525390625,28400
2020-06-03,27.100000381469727,27.399999618530273,27.100000381469727,27.350000381469727,26.583677291870117,53700
2020-06-04,27.40999984741211,27.40999984741211,27.139999389648438,27.200000762939453,26.43787956237793,40200
2020-06-05,27.649999618530273,27.81999969482422,27.6299991607666,27.780000686645508,27.001628875732422,69600
2020-06-08,27.920000076293945,27.920000076293945,27.700000762939453,27.920000076293945,27.137706756591797,91100
2020-06-09,27.799999237060547,27.829999923706055,27.690000534057617,27.75,26.972469329833984,99400
2020-06-10,27.799999237060547,27.829999923706055,27.530000686645508,27.59000015258789,26.816951751708984,45800
2020-06-11,27.0,27.059999465942383,26.43000030517578,26.450000762939453,25.708894729614258,103300
2020-06-12,27.09000015258789,27.09000015258789,26.5,26.829999923706055,26.0782470703125,65200
2020-06-15,26.350000381469727,27.010000228881836,26.290000915527344,26.950000762939453,26.19488525390625,45000
2020-06-16,27.610000610351562,27.610000610351562,27.209999084472656,27.25,26.486478805541992,43400
2020-06-17,27.360000610351562,27.40999984741211,27.25,27.280000686645508,26.51563835144043,29400
2020-06-18,27.200000762939453,27.34000015258789,27.139999389648438,27.280000686645508,26.51563835144043,10000
2020-06-19,27.540000915527344,27.540000915527344,27.18000030517578,27.239999771118164,26.47675895690918,24600
2020-06-22,27.270000457763672,27.309999465942383,27.139999389648438,27.290000915527344,26.525360107421875,23800
2020-06-23,27.469999313354492,27.549999237060547,27.469999313354492,27.469999313354492,26.700313568115234,20000
2020-06-24,27.3799991607666,27.3799991607666,26.780000686645508,26.950000762939453,26.19488525390625,32700
2020-06-25,26.940000534057617,27.280000686645508,26.790000915527344,27.270000457763672,26.50592041015625,22300
2020-06-26,27.149999618530273,27.190000534057617,26.75,26.790000915527344,26.03936767578125,20700
2020-06-29,26.81999969482422,27.1200008392334,26.790000915527344,27.059999465942383,26.301801681518555,25000
2020-06-30,27.09000015258789,27.280000686645508,27.059999465942383,27.229999542236328,26.467039108276367,11800
2020-07-02,27.540000915527344,27.799999237060547,27.520000457763672,27.540000915527344,26.768354415893555,29200
2020-07-03,27.549999237060547,27.559999465942383,27.510000228881836,27.549999237060547,26.778072357177734,10700
2020-07-06,27.8700008392334,27.93000030517578,27.790000915527344,27.860000610351562,27.079387664794922,32000
2020-07-07,27.760000228881836,27.899999618530273,27.68000030517578,27.68000030517578,26.904430389404297,30200
2020-07-08,27.760000228881836,27.799999237060547,27.59000015258789,27.719999313354492,26.943307876586914,29800
2020-07-09,27.829999923706055,27.829999923706055,27.43000030517578,27.719999313354492,26.943307876586914,59800
2020-07-10,27.75,27.950000762939453,27.700000762939453,27.950000762939453,27.166866302490234,52100
2020-07-13,28.020000457763672,28.260000228881836,27.760000228881836,27.770000457763672,26.99190902709961,51700
2020-07-14,27.729999542236328,28.18000030517578,27.65999984741211,28.149999618530273,27.36126136779785,32800
2020-07-15,28.360000610351562,28.450000762939453,28.149999618530273,28.309999465942383,27.51677894592285,33600
2020-07-16,28.100000381469727,28.260000228881836,28.06999969482422,28.239999771118164,27.448740005493164,25200
2020-07-17,28.3799991607666,28.40999984741211,28.280000686645508,28.399999618530273,27.60425567626953,35500
2020-07-20,28.3799991607666,28.540000915527344,28.350000381469727,28.530000686645508,27.730615615844727,47100
2020-07-21,28.610000610351562,28.610000610351562,28.420000076293945,28.440000534057617,27.643136978149414,31500
2020-07-22,28.420000076293945,28.479999542236328,28.34000015258789,28.469999313354492,27.67229461669922,22000
2020-07-23,28.469999313354492,28.469999313354492,28.100000381469727,28.190000534057617,27.4001407623291,38700
2020-07-24,28.059999465942383,28.110000610351562,27.979999542236328,28.079999923706055,27.293222427368164,22700
2020-07-27,28.149999618530273,28.290000915527344,28.1299991607666,28.270000457763672,27.4778995513916,78000
2020-07-28,28.209999084472656,28.309999465942383,28.15999984741211,28.15999984741211,27.370981216430664,99100
2020-07-29,28.270000457763672,28.489999771118164,28.270000457763672,28.459999084472656,27.662574768066406,40800
2020-07-30,28.170000076293945,28.479999542236328,28.079999923706055,28.450000762939453,27.652856826782227,35500
2020-07-31,28.489999771118164,28.489999771118164,27.979999542236328,28.260000228881836,27.46817970275879,36900
2020-08-04,28.5,28.610000610351562,28.479999542236328,28.56999969482422,27.769493103027344,52200
2020-08-05,28.700000762939453,28.719999313354492,28.649999618530273,28.700000762939453,27.895851135253906,22300
2020-08-06,28.729999542236328,28.8799991607666,28.690000534057617,28.84000015258789,28.03192901611328,21800
2020-08-07,28.8799991607666,28.93000030517578,28.790000915527344,28.899999618530273,28.090248107910156,28600
2020-08-10,28.979999542236328,28.979999542236328,28.799999237060547,28.920000076293945,28.10968780517578,27800
2020-08-11,29.0,29.059999465942383,28.739999771118164,28.770000457763672,27.963890075683594,42200
2020-08-12,29.0,29.079999923706055,29.0,29.049999237060547,28.23604393005371,35000
2020-08-13,29.0,29.0,28.829999923706055,28.889999389648438,28.08052635192871,34700
2020-08-14,28.8700008392334,28.959999084472656,28.84000015258789,28.915000915527344,28.104827880859375,61700
2020-08-17,29.049999237060547,29.049999237060547,28.989999771118164,29.010000228881836,28.19716453552246,26500
2020-08-18,29.079999923706055,29.079999923706055,28.90999984741211,28.959999084472656,28.1485652923584,46600
2020-08-19,28.950000762939453,29.049999237060547,28.905000686645508,28.93000030517578,28.119407653808594,22900
2020-08-20,28.809999465942383,28.90999984741211,28.75,28.899999618530273,28.090248107910156,42500
2020-08-21,28.8799991607666,28.8799991607666,28.799999237060547,28.850000381469727,28.041648864746094,20500
2020-08-24,29.06999969482422,29.170000076293945,29.06999969482422,29.170000076293945,28.35268211364746,36600
2020-08-25,29.170000076293945,29.21500015258789,29.079999923706055,29.21500015258789,28.396421432495117,27100
2020-08-26,29.280000686645508,29.399999618530273,29.219999313354492,29.399999618530273,28.576236724853516,38400
2020-08-27,29.40999984741211,29.40999984741211,29.190000534057617,29.309999465942383,28.488759994506836,28600
2020-08-28,29.40999984741211,29.40999984741211,29.280000686645508,29.399999618530273,28.576236724853516,16100
2020-08-31,29.309999465942383,29.309999465942383,29.079999923706055,29.110000610351562,28.29436492919922,64300
2020-09-01,29.170000076293945,29.360000610351562,29.06999969482422,29.360000610351562,28.5373592376709,43200
2020-09-02,29.479999542236328,29.600000381469727,29.399999618530273,29.59000015258789,28.760913848876953,45400
2020-09-03,29.56999969482422,29.56999969482422,28.829999923706055,28.8799991607666,28.07080841064453,86000
2020-09-04,29.0,29.059999465942383,28.260000228881836,28.649999618530273,27.847251892089844,91300
2020-09-08,28.450000762939453,28.6200008392334,28.25,28.389999389648438,27.59453582763672,58800
2020-09-09,28.709999084472656,28.93000030517578,28.68000030517578,28.81999969482422,28.012489318847656,36100
2020-09-10,28.889999389648438,28.920000076293945,28.43000030517578,28.479999542236328,27.68201446533203,54200
2020-09-11,28.6200008392334,28.700000762939453,28.399999618530273,28.549999237060547,27.75005340576172,41500
2020-09-14,28.75,28.899999618530273,28.75,28.860000610351562,28.051368713378906,30200
2020-09-15,29.049999237060547,29.139999389648438,28.979999542236328,29.059999465942383,28.245763778686523,27600
2020-09-16,29.149999618530273,29.149999618530273,28.920000076293945,28.920000076293945,28.10968780517578,42000
2020-09-17,28.670000076293945,28.829999923706055,28.579999923706055,28.760000228881836,27.95417022705078,30000
2020-09-18,28.889999389648438,28.889999389648438,28.489999771118164,28.6299991607666,27.82781219482422,79900
2020-09-21,28.25,28.3700008392334,27.940000534057617,28.3700008392334,27.575098037719727,83900
2020-09-22,28.3700008392334,28.540000915527344,28.290000915527344,28.540000915527344,27.74033546447754,29000
2020-09-23,28.639999389648438,28.639999389648438,28.06999969482422,28.110000610351562,27.3223819732666,56100
2020-09-24,27.940000534057617,28.270000457763672,27.899999618530273,28.1200008392334,27.332103729248047,38100
2020-09-25,28.09000015258789,28.469999313354492,28.0,28.43000030517578,27.6334171295166,28900
2020-09-28,28.739999771118164,28.8799991607666,28.719999313354492,28.84000015258789,28.03192901611328,68700
2020-09-29,28.829999923706055,28.8700008392334,28.739999771118164,28.799999237060547,27.99304962158203,32000
2020-09-30,28.84000015258789,28.950000762939453,28.6299991607666,28.719999313354492,27.91529083251953,18400
2020-10-01,28.8700008392334,28.920000076293945,28.75,28.860000610351562,28.051368713378906,51800
2020-10-02,28.5,28.84000015258789,28.5,28.770000457763672,27.963890075683594,41500
2020-10-05,28.860000610351562,29.149999618530273,28.860000610351562,29.139999389648438,28.32352066040039,25100
2020-10-06,29.25,29.280000686645508,28.899999618530273,28.959999084472656,28.1485652923584,33100
2020-10-07,29.1299991607666,29.299999237060547,29.1299991607666,29.280000686645508,28.4596004486084,12700
2020-10-08,29.350000381469727,29.420000076293945,29.329999923706055,29.3799991607666,28.55679702758789,29300
2020-10-09,29.389999389648438,29.469999313354492,29.3799991607666,29.440000534057617,28.6151180267334,45800
2020-10-13,29.56999969482422,29.579999923706055,29.450000762939453,29.530000686645508,28.702594757080078,38700
2020-10-14,29.600000381469727,29.6299991607666,29.3799991607666,29.399999618530273,28.576236724853516,44400
2020-10-15,29.190000534057617,29.450000762939453,29.15999984741211,29.43000030517578,28.605396270751953,47900
2020-10-16,29.549999237060547,29.579999923706055,29.389999389648438,29.389999389648438,28.566516876220703,35200
2020-10-19,29.489999771118164,29.489999771118164,29.049999237060547,29.09000015258789,28.27492332458496,64700
2020-10-20,29.200000762939453,29.260000228881836,29.040000915527344,29.100000381469727,28.284643173217773,39500
2020-10-21,29.09000015258789,29.15999984741211,29.010000228881836,29.040000915527344,28.22632598876953,27600
2020-10-22,29.079999923706055,29.15999984741211,28.899999618530273,29.139999389648438,28.32352066040039,40000
2020-10-23,29.260000228881836,29.260000228881836,29.100000381469727,29.25,28.43044090270996,30200
2020-10-26,29.100000381469727,29.100000381469727,28.670000076293945,28.850000381469727,28.041648864746094,75800
2020-10-27,28.8700008392334,28.8700008392334,28.68000030517578,28.709999084472656,27.905569076538086,48800
2020-10-28,28.40999984741211,28.40999984741211,28.06999969482422,28.06999969482422,27.28350257873535,77800
2020-10-29,28.209999084472656,28.450000762939453,28.059999465942383,28.299999237060547,27.50705909729004,48500
2020-10-30,28.100000381469727,28.15999984741211,27.809999465942383,28.040000915527344,27.254344940185547,73300
2020-11-02,28.219999313354492,28.280000686645508,28.0,28.149999618530273,27.36126136779785,39000
2020-11-03,28.3700008392334,28.670000076293945,28.34000015258789,28.600000381469727,27.79865264892578,27900
2020-11-04,28.889999389648438,29.15999984741211,28.809999465942383,28.989999771118164,28.177724838256836,30700
2020-11-05,29.43000030517578,29.459999084472656,29.329999923706055,29.43000030517578,28.605396270751953,67800
2020-11-06,29.469999313354492,29.479999542236328,29.350000381469727,29.440000534057617,28.6151180267334,23500
2020-11-09,30.8799991607666,30.8799991607666,29.829999923706055,29.829999923706055,28.994190216064453,106600
2020-11-10,29.8799991607666,29.979999542236328,29.739999771118164,29.93000030517578,29.091388702392578,44500
2020-11-11,30.100000381469727,30.239999771118164,30.100000381469727,30.229999542236328,29.382980346679688,49000
2020-11-12,30.25,30.270000457763672,29.93000030517578,30.020000457763672,29.178865432739258,36600
2020-11-13,30.219999313354492,30.420000076293945,30.219999313354492,30.389999389648438,29.538497924804688,29200
2020-11-16,30.68000030517578,30.68000030517578,30.5,30.68000030517578,29.82037353515625,73200
2020-11-17,30.549999237060547,30.719999313354492,30.450000762939453,30.690000534057617,29.830095291137695,45100
2020-11-18,30.719999313354492,30.719999313354492,30.459999084472656,30.459999084472656,29.606534957885742,58300
2020-11-19,30.440000534057617,30.559999465942383,30.420000076293945,30.559999465942383,29.7037353515625,51300
2020-11-20,30.579999923706055,30.700000762939453,30.5,30.6200008392334,29.762054443359375,46100
2020-11-23,30.760000228881836,30.84000015258789,30.670000076293945,30.770000457763672,29.907852172851562,65700
2020-11-24,31.0,31.110000610351562,30.950000762939453,31.06999969482422,30.199445724487305,47000
2020-11-25,31.040000915527344,31.059999465942383,30.93000030517578,31.059999465942383,30.189725875854492,44000
2020-11-26,31.100000381469727,31.139999389648438,31.06999969482422,31.1299991607666,30.25776481628418,32400
2020-11-27,31.139999389648438,31.25,31.1200008392334,31.25,30.37440299987793,32000
2020-11-30,31.329999923706055,31.329999923706055,30.700000762939453,30.850000381469727,29.98560905456543,113100
2020-12-01,31.18000030517578,31.209999084472656,31.079999923706055,31.1200008392334,30.248044967651367,51700
2020-12-02,31.0,31.149999618530273,30.989999771118164,31.149999618530273,30.277204513549805,65900
2020-12-03,31.209999084472656,31.260000228881836,31.100000381469727,31.1299991607666,30.25776481628418,60100
2020-12-04,31.170000076293945,31.270000457763672,31.170000076293945,31.270000457763672,30.393842697143555,35900
2020-12-07,31.270000457763672,31.31999969482422,31.190000534057617,31.270000457763672,30.393842697143555,91700
2020-12-08,31.209999084472656,31.43000030517578,31.200000762939453,31.399999618530273,30.520198822021484,37000
2020-12-09,31.459999084472656,31.459999084472656,31.1200008392334,31.260000228881836,30.384122848510742,63700
2020-12-10,31.030000686645508,31.209999084472656,30.969999313354492,31.190000534057617,30.316083908081055,112100
2020-12-11,31.110000610351562,31.15999984741211,30.979999542236328,31.15999984741211,30.286922454833984,57500
2020-12-14,31.299999237060547,31.299999237060547,31.010000228881836,31.010000228881836,30.14112663269043,57400
2020-12-15,31.170000076293945,31.239999771118164,31.100000381469727,31.239999771118164,30.364681243896484,52200
2020-12-16,31.440000534057617,31.440000534057617,31.299999237060547,31.40999984741211,30.52992057800293,59200
2020-12-17,31.530000686645508,31.59000015258789,31.479999542236328,31.59000015258789,30.704875946044922,42200
2020-12-18,31.649999618530273,31.649999618530273,31.440000534057617,31.559999465942383,30.675716400146484,68400
2020-12-21,31.299999237060547,31.5,31.100000381469727,31.5,30.61739730834961,89700
2020-12-22,31.600000381469727,31.6200008392334,31.510000228881836,31.59000015258789,30.704875946044922,42300
2020-12-23,31.649999618530273,31.709999084472656,31.6200008392334,31.649999618530273,30.763195037841797,54300
2020-12-24,31.6299991607666,31.6299991607666,31.540000915527344,31.604999542236328,30.71945571899414,33800
2020-12-29,31.93000030517578,31.93000030517578,31.649999618530273,31.709999084472656,30.82151222229004,109700
2020-12-30,31.40999984741211,31.420000076293945,31.25,31.25,30.823486328125,84300
2020-12-31,31.190000534057617,31.209999084472656,31.059999465942383,31.1299991607666,30.705121994018555,64400
2021-01-04,31.399999618530273,31.399999618530273,30.940000534057617,31.139999389648438,30.71498680114746,170800
2021-01-05,31.170000076293945,31.299999237060547,31.139999389648438,31.280000686645508,30.853076934814453,93100
2021-01-06,31.299999237060547,31.729999542236328,31.299999237060547,31.510000228881836,31.079936981201172,136000
2021-01-07,31.739999771118164,31.90999984741211,31.739999771118164,31.8799991607666,31.444887161254883,99000
2021-01-08,32.02000045776367,32.11000061035156,31.899999618530273,32.11000061035156,31.671749114990234,105800
2021-01-11,32.09000015258789,32.130001068115234,31.979999542236328,32.0,31.563249588012695,144300
2021-01-12,32.04999923706055,32.09000015258789,31.899999618530273,32.02000045776367,31.582977294921875,83200
2021-01-13,32.0099983215332,32.060001373291016,31.950000762939453,31.979999542236328,31.543521881103516,67400
2021-01-14,32.06999969482422,32.09000015258789,31.920000076293945,31.940000534057617,31.50406837463379,166200
2021-01-15,31.950000762939453,31.950000762939453,31.729999542236328,31.829999923706055,31.39556884765625,92600
2021-01-18,31.969999313354492,32.119998931884766,31.899999618530273,32.0099983215332,31.573110580444336,53600
2021-01-19,32.18000030517578,32.18000030517578,31.96500015258789,32.08000183105469,31.642160415649414,101400
2021-01-20,32.15999984741211,32.220001220703125,32.02000045776367,32.20000076293945,31.760520935058594,59800
2021-01-21,32.220001220703125,32.220001220703125,32.04999923706055,32.13999938964844,31.701337814331055,79400
2021-01-22,32.130001068115234,32.189998626708984,32.02000045776367,32.16999816894531,31.730928421020508,72500
2021-01-25,32.20000076293945,32.290000915527344,31.959999084472656,32.290000915527344,31.849292755126953,176700
2021-01-26,32.27000045776367,32.27000045776367,32.06999969482422,32.06999969482422,31.632293701171875,85000
2021-01-27,31.84000015258789,31.84000015258789,31.459999084472656,31.510000228881836,31.079936981201172,199300
2021-01-28,31.75,32.0,31.690000534057617,31.84000015258789,31.405433654785156,61600
2021-01-29,31.549999237060547,31.549999237060547,31.09000015258789,31.239999771118164,30.813621520996094,138800
2021-02-01,31.5,31.90999984741211,31.479999542236328,31.8799991607666,31.444887161254883,84000
2021-02-02,32.0,32.22999954223633,32.0,32.16999816894531,31.730928421020508,73100
2021-02-03,32.27000045776367,32.27000045776367,32.119998931884766,32.22999954223633,31.790109634399414,92500
2021-02-04,32.349998474121094,32.529998779296875,32.29999923706055,32.529998779296875,32.08601379394531,76500
2021-02-05,32.63999938964844,32.63999938964844,32.5099983215332,32.599998474121094,32.155059814453125,115800
2021-02-08,32.810001373291016,32.84000015258789,32.77000045776367,32.84000015258789,32.39178466796875,111700
2021-02-09,32.869998931884766,32.93000030517578,32.84000015258789,32.88999938964844,32.44110107421875,81200
2021-02-10,33.04999923706055,33.04999923706055,32.72999954223633,32.90999984741211,32.46083068847656,139200
2021-02-11,33.0,33.0099983215332,32.83000183105469,32.95000076293945,32.50028610229492,76700
2021-02-12,33.040000915527344,33.150001525878906,32.97999954223633,33.150001525878906,32.69755554199219,84400
2021-02-16,33.34000015258789,33.34000015258789,33.119998931884766,33.13999938964844,32.68769073486328,195300
2021-02-17,33.060001373291016,33.08000183105469,32.900001525878906,33.060001373291016,32.60878372192383,145100
2021-02-18,32.86000061035156,32.869998931884766,32.70000076293945,32.810001373291016,32.3621940612793,116000
2021-02-19,32.900001525878906,32.90999984741211,32.7599983215332,32.810001373291016,32.3621940612793,107600
2021-02-22,32.849998474121094,32.849998474121094,32.599998474121094,32.619998931884766,32.17478561401367,180200
2021-02-23,32.400001525878906,32.61000061035156,32.04999923706055,32.52000045776367,32.07615280151367,154300
2021-02-24,32.400001525878906,32.72999954223633,32.310001373291016,32.72999954223633,32.283287048339844,114200
2021-02-25,32.59000015258789,32.619998931884766,32.04999923706055,32.16999816894531,31.730928421020508,205600
2021-02-26,32.22999954223633,32.349998474121094,31.829999923706055,32.15999984741211,31.721065521240234,217100
2021-03-01,32.52000045776367,32.70000076293945,32.43000030517578,32.61000061035156,32.16492462158203,224000
2021-03-02,32.66999816894531,32.66999816894531,32.38999938964844,32.470001220703125,32.02683639526367,136700
2021-03-03,32.54999923706055,32.54999923706055,32.22999954223633,32.22999954223633,31.790109634399414,96500
2021-03-04,32.20000076293945,32.27000045776367,31.559999465942383,31.809999465942383,31.375843048095703,266600
2021-03-05,32.09000015258789,32.310001373291016,31.540000915527344,32.279998779296875,31.839426040649414,177300
2021-03-08,32.380001068115234,32.470001220703125,32.13999938964844,32.15999984741211,31.721065521240234,181500
2021-03-09,32.41999816894531,32.70000076293945,32.369998931884766,32.540000915527344,32.09587860107422,137300
2021-03-10,32.709999084472656,32.7599983215332,32.58000183105469,32.650001525878906,32.20438003540039,84700
2021-03-11,32.849998474121094,32.97999954223633,32.84000015258789,32.880001068115234,32.43124008178711,83500
2021-03-12,32.779998779296875,32.78499984741211,32.599998474121094,32.7599983215332,32.31287384033203,128700
2021-03-15,32.849998474121094,32.95000076293945,32.70000076293945,32.95000076293945,32.50028610229492,112500
2021-03-16,33.0099983215332,33.0099983215332,32.7400016784668,32.81999969482422,32.3720588684082,93500
2021-03-17,32.7400016784668,32.9900016784668,32.689998626708984,32.900001525878906,32.450965881347656,117500
2021-03-18,32.79999923706055,32.93000030517578,32.650001525878906,32.65999984741211,32.21424102783203,130200
2021-03-19,32.7400016784668,32.77000045776367,32.5099983215332,32.689998626708984,32.243831634521484,95300
2021-03-22,32.77000045776367,32.869998931884766,32.65999984741211,32.810001373291016,32.3621940612793,249200
2021-03-23,32.77000045776367,32.790000915527344,32.4900016784668,32.54999923706055,32.105743408203125,119700
2021-03-24,32.61000061035156,32.630001068115234,32.29999923706055,32.29999923706055,31.859153747558594,86300
2021-03-25,32.22999954223633,32.58000183105469,32.13999938964844,32.54999923706055,32.105743408203125,85000
2021-03-26,32.58000183105469,32.86000061035156,32.54999923706055,32.86000061035156,32.41151428222656,63200
2021-03-29,32.869998931884766,32.869998931884766,32.650001525878906,32.790000915527344,32.34246826171875,127700
2021-03-30,32.77000045776367,32.900001525878906,32.709999084472656,32.849998474121094,32.40164566040039,72100
2021-03-31,32.81999969482422,32.93000030517578,32.7599983215332,32.83000183105469,32.38192367553711,93200
2021-04-01,33.0099983215332,33.20000076293945,33.0099983215332,33.20000076293945,32.74687194824219,67400
2021-04-05,33.4900016784668,33.4900016784668,33.31999969482422,33.47999954223633,33.023048400878906,135700
2021-04-06,33.47999954223633,33.59000015258789,33.439998626708984,33.525001525878906,33.06743621826172,107400
2021-04-07,33.540000915527344,33.66999816894531,33.529998779296875,33.61000061035156,33.151275634765625,98300
2021-04-08,33.68000030517578,33.70000076293945,33.599998474121094,33.68000030517578,33.22032165527344,77000
2021-04-09,33.630001068115234,33.70000076293945,33.58000183105469,33.70000076293945,33.240047454833984,77500
2021-04-12,33.720001220703125,33.720001220703125,33.630001068115234,33.709999084472656,33.249908447265625,109800
2021-04-13,33.72999954223633,33.79999923706055,33.69499969482422,33.720001220703125,33.2597770690918,135000
2021-04-14,33.810001373291016,33.939998626708984,33.66999816894531,33.709999084472656,33.249908447265625,118500
2021-04-15,33.880001068115234,34.040000915527344,33.86000061035156,34.02000045776367,33.55567932128906,97000
2021-04-16,34.09000015258789,34.099998474121094,33.959999084472656,34.08000183105469,33.614864349365234,71300
2021-04-19,34.09000015258789,34.09000015258789,33.875,33.939998626708984,33.476768493652344,124000
2021-04-20,33.880001068115234,33.880001068115234,33.58000183105469,33.75,33.289363861083984,125600
2021-04-21,33.7599983215332,33.900001525878906,33.58000183105469,33.81999969482422,33.3584098815918,86700
2021-04-22,33.86000061035156,33.86000061035156,33.560001373291016,33.65999984741211,33.200592041015625,109800
2021-04-23,33.72999954223633,33.95000076293945,33.70000076293945,33.90999984741211,33.447181701660156,68000
2021-04-26,33.91999816894531,33.91999816894531,33.79999923706055,33.845001220703125,33.3830680847168,118000
2021-04-27,33.93000030517578,33.93000030517578,33.790000915527344,33.849998474121094,33.387996673583984,118300
2021-04-28,33.91999816894531,33.95000076293945,33.79999923706055,33.79999923706055,33.338680267333984,86700
2021-04-29,33.970001220703125,33.970001220703125,33.599998474121094,33.7400016784668,33.279502868652344,106100
2021-04-30,33.56999969482422,33.619998931884766,33.400001525878906,33.41999816894531,32.9638671875,148700
2021-05-03,33.61000061035156,33.65999984741211,33.55500030517578,33.58000183105469,33.12168502807617,112300
2021-05-04,33.5,33.5,33.15999984741211,33.38999938964844,32.93427658081055,182100
2021-05-05,33.529998779296875,33.55500030517578,33.38999938964844,33.470001220703125,33.013187408447266,93100
2021-05-06,33.439998626708984,33.439998626708984,33.189998626708984,33.40999984741211,32.95400619506836,159800
2021-05-07,33.54999923706055,33.720001220703125,33.5099983215332,33.68000030517578,33.22032165527344,91700
2021-05-10,33.650001525878906,33.650001525878906,33.279998779296875,33.290000915527344,32.83564376831055,165600
2021-05-11,32.900001525878906,33.08000183105469,32.77000045776367,33.060001373291016,32.60878372192383,193300
2021-05-12,32.810001373291016,32.85499954223633,32.47999954223633,32.52000045776367,32.07615280151367,267600
2021-05-13,32.63999938964844,32.900001525878906,32.63999938964844,32.83000183105469,32.38192367553711,114700
2021-05-14,32.91999816894531,33.25,32.900001525878906,33.25,32.79618835449219,91600
2021-05-17,33.11000061035156,33.125,32.97999954223633,33.119998931884766,32.66796112060547,142400
2021-05-18,33.20000076293945,33.2599983215332,33.11000061035156,33.11000061035156,32.65810012817383,98800
2021-05-19,32.7400016784668,33.04999923706055,32.66999816894531,33.040000915527344,32.58905792236328,125400
2021-05-20,33.099998474121094,33.29999923706055,33.06999969482422,33.25,32.79618835449219,82500
2021-05-21,33.33000183105469,33.369998931884766,33.209999084472656,33.220001220703125,32.7666015625,65700
2021-05-25,33.5099983215332,33.599998474121094,33.41999816894531,33.45000076293945,32.99346160888672,131100
2021-05-26,33.599998474121094,33.709999084472656,33.54999923706055,33.68000030517578,33.22032165527344,96100
2021-05-27,33.65999984741211,33.724998474121094,33.65999984741211,33.66999816894531,33.210453033447266,85600
2021-05-28,33.869998931884766,33.880001068115234,33.7599983215332,33.79999923706055,33.338680267333984,60600
2021-05-31,33.849998474121094,33.849998474121094,33.70000076293945,33.75,33.289363861083984,132700
2021-06-01,33.91999816894531,33.959999084472656,33.77000045776367,33.90999984741211,33.447181701660156,101000
2021-06-02,34.09000015258789,34.09000015258789,33.86000061035156,33.869998931884766,33.4077262878418,109800
2021-06-03,33.810001373291016,33.959999084472656,33.7599983215332,33.86000061035156,33.397865295410156,76200
2021-06-04,34.02000045776367,34.09000015258789,33.9900016784668,34.084999084472656,33.61979293823242,68500
2021-06-07,34.130001068115234,34.130001068115234,34.02000045776367,34.119998931884766,33.65431213378906,95200
2021-06-08,34.25,34.25,34.040000915527344,34.22999954223633,33.762813568115234,137800
2021-06-09,34.18000030517578,34.19499969482422,34.040000915527344,34.11000061035156,33.64445114135742,69800
2021-06-10,34.22999954223633,34.2400016784668,34.09000015258789,34.20000076293945,33.73322296142578,79400
2021-06-11,34.279998779296875,34.41999816894531,34.2599983215332,34.38999938964844,33.92062759399414,64500
2021-06-14,34.43000030517578,34.45000076293945,34.34000015258789,34.45000076293945,33.97981262207031,97900
2021-06-15,34.529998779296875,34.560001373291016,34.45000076293945,34.5,34.02912902832031,92200
2021-06-16,34.5,34.56999969482422,34.369998931884766,34.4900016784668,34.01926803588867,169800
2021-06-17,34.5099983215332,34.66999816894531,34.470001220703125,34.619998931884766,34.147491455078125,79300
2021-06-18,34.4900016784668,34.5,34.34000015258789,34.349998474121094,33.88117599487305,189800
2021-06-21,34.41999816894531,34.61000061035156,34.34000015258789,34.56999969482422,34.09817123413086,109300
2021-06-22,34.58000183105469,34.630001068115234,34.5,34.58000183105469,34.10803985595703,89100
2021-06-23,34.58000183105469,34.58000183105469,34.47999954223633,34.5,34.02912902832031,111400
2021-06-24,34.65999984741211,34.75,34.65999984741211,34.75,34.27571487426758,59500
2021-06-25,34.779998779296875,34.81999969482422,34.65999984741211,34.79999923706055,34.32503128051758,69500
2021-06-28,34.869998931884766,34.900001525878906,34.7400016784668,34.84000015258789,34.36448669433594,106100
2021-06-29,34.88999938964844,34.970001220703125,34.88999938964844,34.939998626708984,34.4631233215332,72800
2021-06-30,34.91999816894531,34.91999816894531,34.790000915527344,34.900001525878906,34.42367172241211,86700
2021-07-02,35.06999969482422,35.06999969482422,34.904998779296875,34.970001220703125,34.492713928222656,92400
2021-07-05,35.06999969482422,35.1349983215332,35.040000915527344,35.09000015258789,34.61107635498047,57100
2021-07-06,35.13999938964844,35.15999984741211,34.9900016784668,35.150001525878906,34.670257568359375,106600
2021-07-07,35.209999084472656,35.32500076293945,35.150001525878906,35.25,34.768890380859375,92300
2021-07-08,35.060001373291016,35.060001373291016,34.790000915527344,34.93000030517578,34.4532585144043,178500
2021-07-09,35.099998474121094,35.244998931884766,35.06999969482422,35.220001220703125,34.73930358886719,105500
2021-07-12,35.31999969482422,35.34000015258789,35.27000045776367,35.290000915527344,34.808345794677734,81000
2021-07-13,35.369998931884766,35.45500183105469,35.33000183105469,35.33000183105469,34.847801208496094,61200
2021-07-14,35.38999938964844,35.41999816894531,35.2400016784668,35.2400016784668,34.759029388427734,79200
2021-07-15,35.25,35.36000061035156,35.20000076293945,35.36000061035156,34.87739181518555,75300
2021-07-16,35.400001525878906,35.400001525878906,35.06999969482422,35.09000015258789,34.61107635498047,138100
2021-07-19,35.0,35.0,34.66999816894531,34.810001373291016,34.33489990234375,288700
2021-07-20,34.93000030517578,35.2400016784668,34.849998474121094,35.130001068115234,34.65053176879883,99300
2021-07-21,35.20000076293945,35.29999923706055,35.09000015258789,35.25,34.768890380859375,45600
2021-07-22,35.20000076293945,35.31999969482422,35.18000030517578,35.31999969482422,34.83793640136719,44600
2021-07-23,35.38999938964844,35.4900016784668,35.369998931884766,35.47999954223633,34.99575424194336,44500
2021-07-26,35.5,35.5,35.31999969482422,35.3849983215332,34.90204620361328,77400
2021-07-27,35.459999084472656,35.459999084472656,35.11000061035156,35.31999969482422,34.83793640136719,98500
2021-07-28,35.369998931884766,35.41999816894531,35.31999969482422,35.369998931884766,34.88725280761719,44000
2021-07-29,35.369998931884766,35.470001220703125,35.36000061035156,35.36000061035156,34.87739181518555,50200
2021-07-30,35.16999816894531,35.279998779296875,35.13999938964844,35.2400016784668,34.759029388427734,74700
2021-08-03,35.4900016784668,35.63999938964844,35.400001525878906,35.61000061035156,35.12397766113281,77900
2021-08-04,35.58000183105469,35.66999816894531,35.54999923706055,35.560001373291016,35.07466125488281,78100
2021-08-05,35.66999816894531,35.66999816894531,35.54999923706055,35.61000061035156,35.12397766113281,46600
2021-08-06,35.689998626708984,35.779998779296875,35.68000030517578,35.7599983215332,35.27193069458008,54200
2021-08-09,35.77000045776367,35.790000915527344,35.61000061035156,35.7599983215332,35.27193069458008,90100
2021-08-10,35.810001373291016,35.810001373291016,35.66999816894531,35.70000076293945,35.21274948120117,67900
2021-08-11,35.790000915527344,35.79999923706055,35.709999084472656,35.79499816894531,35.306453704833984,52400
2021-08-12,35.79999923706055,35.845001220703125,35.650001525878906,35.81999969482422,35.331111907958984,69300
2021-08-13,35.869998931884766,35.869998931884766,35.79999923706055,35.86000061035156,35.370567321777344,40100
2021-08-16,35.83000183105469,35.900001525878906,35.689998626708984,35.900001525878906,35.4100227355957,94700
2021-08-17,35.779998779296875,35.779998779296875,35.540000915527344,35.689998626708984,35.202884674072266,124200
2021-08-18,35.66999816894531,35.77000045776367,35.54999923706055,35.54999923706055,35.064796447753906,76100
2021-08-19,35.4900016784668,35.77000045776367,35.45000076293945,35.720001220703125,35.232479095458984,70800
2021-08-20,35.83000183105469,35.970001220703125,35.83000183105469,35.959999084472656,35.469200134277344,49000
2021-08-23,35.959999084472656,35.9900016784668,35.91999816894531,35.93000030517578,35.439613342285156,94600
2021-08-24,35.9900016784668,36.029998779296875,35.970001220703125,36.005001068115234,35.513587951660156,55600
2021-08-25,36.09000015258789,36.150001525878906,36.04999923706055,36.08000183105469,35.58756637573242,51500
2021-08-26,36.08000183105469,36.130001068115234,35.970001220703125,36.04999923706055,35.5579719543457,96600
2021-08-27,36.15999984741211,36.25,36.13999938964844,36.2400016784668,35.74538040161133,54000
2021-08-30,36.279998779296875,36.31999969482422,36.130001068115234,36.2599983215332,35.765106201171875,72600
2021-08-31,36.29999923706055,36.42499923706055,36.27000045776367,36.279998779296875,35.78483200073242,93300
2021-09-01,36.36000061035156,36.525001525878906,36.36000061035156,36.470001220703125,35.97224044799805,61200
2021-09-02,36.61000061035156,36.61000061035156,36.41999816894531,36.459999084472656,35.96237564086914,65300
2021-09-03,36.459999084472656,36.474998474121094,36.380001068115234,36.45500183105469,35.95744705200195,81500
2021-09-07,36.630001068115234,36.689998626708984,36.54999923706055,36.65999984741211,36.15964889526367,91700
2021-09-08,36.65999984741211,36.70000076293945,36.470001220703125,36.54999923706055,36.0511474609375,184700
2021-09-09,36.5099983215332,36.59000015258789,36.349998474121094,36.41999816894531,35.92292022705078,63600
2021-09-10,36.47999954223633,36.47999954223633,36.27000045776367,36.279998779296875,35.78483200073242,98500
2021-09-13,36.5,36.5,36.25,36.349998474121094,35.853878021240234,70500
2021-09-14,36.400001525878906,36.40999984741211,36.16999816894531,36.25,35.755245208740234,104100
2021-09-15,36.209999084472656,36.34000015258789,36.11000061035156,36.314998626708984,35.81935501098633,65500
2021-09-16,36.290000915527344,36.369998931884766,36.150001525878906,36.33000183105469,35.83415222167969,94800
2021-09-17,36.25,36.25,36.11000061035156,36.189998626708984,35.69606018066406,99900
2021-09-20,35.869998931884766,35.869998931884766,35.33000183105469,35.650001525878906,35.16343307495117,230400
2021-09-21,35.81999969482422,35.95000076293945,35.7400016784668,35.77000045776367,35.281795501708984,105100
2021-09-22,35.9900016784668,36.040000915527344,35.939998626708984,35.959999084472656,35.469200134277344,59600
2021-09-23,35.970001220703125,36.13999938964844,35.93000030517578,36.09000015258789,35.59742736816406,49100
2021-09-24,36.04999923706055,36.04999923706055,35.93000030517578,35.959999084472656,35.469200134277344,57100
2021-09-27,35.959999084472656,35.994998931884766,35.8849983215332,35.91999816894531,35.429744720458984,67500
2021-09-28,35.77000045776367,35.77000045776367,35.33000183105469,35.369998931884766,34.88725280761719,84400
2021-09-29,35.540000915527344,35.650001525878906,35.45000076293945,35.47999954223633,34.99575424194336,54700
2021-09-30,35.59000015258789,35.599998474121094,35.09000015258789,35.09000015258789,34.61107635498047,86300
2021-10-01,35.220001220703125,35.369998931884766,34.88999938964844,35.310001373291016,34.82807540893555,83400
2021-10-04,35.18000030517578,35.189998626708984,34.650001525878906,34.790000915527344,34.31517028808594,143800
2021-10-05,34.939998626708984,35.189998626708984,34.869998931884766,35.060001373291016,34.581485748291016,67900
2021-10-06,34.88999938964844,35.11000061035156,34.7400016784668,35.11000061035156,34.630802154541016,82200
2021-10-07,35.349998474121094,35.540000915527344,35.31999969482422,35.38999938964844,34.906982421875,69200
2021-10-08,35.400001525878906,35.400001525878906,35.20000076293945,35.20000076293945,34.719573974609375,54400
2021-10-12,35.20000076293945,35.20000076293945,35.0099983215332,35.040000915527344,34.56175994873047,74600
2021-10-13,35.119998931884766,35.27000045776367,35.029998779296875,35.27000045776367,34.78861999511719,56000
2021-10-14,35.529998779296875,35.58000183105469,35.380001068115234,35.58000183105469,35.094390869140625,69100
2021-10-15,35.79999923706055,35.86000061035156,35.689998626708984,35.810001373291016,35.321250915527344,100800
2021-10-18,35.72999954223633,35.900001525878906,35.630001068115234,35.900001525878906,35.4100227355957,98900
2021-10-19,35.9900016784668,36.08000183105469,35.93000030517578,36.08000183105469,35.58756637573242,51300
2021-10-20,36.060001373291016,36.119998931884766,36.04999923706055,36.119998931884766,35.627017974853516,46800
2021-10-21,36.04999923706055,36.209999084472656,35.9900016784668,36.209999084472656,35.715789794921875,48800
2021-10-22,36.16999816894531,36.2400016784668,36.09000015258789,36.220001220703125,35.72565460205078,44900
2021-10-25,36.279998779296875,36.40999984741211,36.189998626708984,36.369998931884766,35.87360382080078,72000
2021-10-26,36.439998626708984,36.5,36.310001373291016,36.33000183105469,35.83415222167969,46200
2021-10-27,36.400001525878906,36.400001525878906,36.0,36.0,35.5086555480957,67000
2021-10-28,36.099998474121094,36.310001373291016,36.06999969482422,36.310001373291016,35.81442642211914,54800
2021-10-29,36.209999084472656,36.34000015258789,36.18000030517578,36.27000045776367,35.77497100830078,90400
2021-11-01,36.380001068115234,36.5,36.31999969482422,36.5,36.0018310546875,83800
2021-11-02,36.560001373291016,36.57500076293945,36.5099983215332,36.540000915527344,36.04128646850586,61000
2021-11-03,36.61000061035156,36.75,36.560001373291016,36.75,36.24842071533203,64200
2021-11-04,36.900001525878906,36.959999084472656,36.84000015258789,36.959999084472656,36.45555114746094,58000
2021-11-05,37.08000183105469,37.189998626708984,36.970001220703125,37.06999969482422,36.56405258178711,91000
2021-11-08,37.209999084472656,37.25,37.150001525878906,37.18000030517578,36.672550201416016,74800
2021-11-09,37.20000076293945,37.22999954223633,37.040000915527344,37.119998931884766,36.61336898803711,89100
2021-11-10,37.04999923706055,37.060001373291016,36.81999969482422,36.90999984741211,36.40623474121094,95200
2021-11-11,37.25,37.31999969482422,37.22999954223633,37.2599983215332,36.75145721435547,56900
2021-11-12,37.36000061035156,37.45000076293945,37.290000915527344,37.45000076293945,36.938865661621094,55600
2021-11-15,37.5099983215332,37.5099983215332,37.2599983215332,37.2599983215332,36.75145721435547,125200
2021-11-16,37.400001525878906,37.54999923706055,37.380001068115234,37.47999954223633,36.96845626831055,67600
2021-11-17,37.47999954223633,37.4900016784668,37.400001525878906,37.459999084472656,36.948726654052734,55200
2021-11-18,37.47999954223633,37.5,37.31999969482422,37.43000030517578,36.91913986206055,69500
2021-11-19,37.400001525878906,37.47999954223633,37.349998474121094,37.380001068115234,36.86982345581055,96900
2021-11-22,37.5,37.58000183105469,37.22999954223633,37.2599983215332,36.75145721435547,128400
2021-11-23,37.310001373291016,37.38999938964844,37.08000183105469,37.189998626708984,36.682411193847656,154700
2021-11-24,37.09000015258789,37.2599983215332,37.0,37.2599983215332,36.75145721435547,103100
2021-11-25,37.380001068115234,37.38999938964844,37.349998474121094,37.369998931884766,36.859954833984375,41900
2021-11-26,36.97999954223633,36.97999954223633,36.529998779296875,36.630001068115234,36.13005828857422,462900
2021-11-29,36.93000030517578,36.97999954223633,36.66999816894531,36.79999923706055,36.29773712158203,123600
2021-11-30,36.72999954223633,36.77000045776367,36.18000030517578,36.2599983215332,35.765106201171875,405500
2021-12-01,36.619998931884766,36.81999969482422,35.90999984741211,35.90999984741211,35.419883728027344,264700
2021-12-02,36.04999923706055,36.560001373291016,36.04999923706055,36.459999084472656,35.96237564086914,377200
2021-12-03,36.5099983215332,36.5099983215332,35.970001220703125,36.20000076293945,35.70592498779297,600000
2021-12-06,36.29999923706055,36.54999923706055,36.119998931884766,36.470001220703125,35.97224044799805,212000
2021-12-07,36.72999954223633,36.9900016784668,36.70000076293945,36.93000030517578,36.42596435546875,162400
2021-12-08,36.900001525878906,36.97999954223633,36.7599983215332,36.97999954223633,36.47528076171875,70700
2021-12-09,36.970001220703125,36.970001220703125,36.79999923706055,36.81999969482422,36.31746292114258,84800
2021-12-10,36.939998626708984,36.97999954223633,36.75,36.95000076293945,36.4456901550293,102600
2021-12-13,36.959999084472656,36.970001220703125,36.70000076293945,36.790000915527344,36.28787612915039,82400
2021-12-14,36.650001525878906,36.75,36.47999954223633,36.65999984741211,36.15964889526367,117200
2021-12-15,36.689998626708984,37.0099983215332,36.56999969482422,37.0099983215332,36.50486755371094,115600
2021-12-16,37.119998931884766,37.150001525878906,36.650001525878906,36.720001220703125,36.21883010864258,48400
2021-12-17,36.630001068115234,36.90999984741211,36.470001220703125,36.73500061035156,36.23362350463867,113700
2021-12-20,36.4900016784668,36.4900016784668,36.209999084472656,36.45000076293945,35.9525146484375,138600
2021-12-21,36.689998626708984,37.040000915527344,36.68000030517578,37.029998779296875,36.52459716796875,96300
2021-12-22,36.970001220703125,37.2400016784668,36.95000076293945,37.2400016784668,36.73173522949219,174500
2021-12-23,37.310001373291016,37.459999084472656,37.290000915527344,37.38999938964844,36.87968444824219,83600
2021-12-24,37.349998474121094,37.45000076293945,37.349998474121094,37.43000030517578,36.91913986206055,26900
2021-12-29,37.689998626708984,37.720001220703125,37.619998931884766,37.65999984741211,37.145999908447266,182000
2021-12-30,37.38999938964844,37.38999938964844,37.0,37.0,37.0,101100
2021-12-31,36.90999984741211,36.91999816894531,36.709999084472656,36.72999954223633,36.72999954223633,100300
2022-01-04,37.439998626708984,37.439998626708984,36.91999816894531,37.029998779296875,37.029998779296875,199600
2022-01-05,37.0099983215332,37.470001220703125,36.58000183105469,36.58000183105469,36.58000183105469,271000
2022-01-06,36.630001068115234,36.630001068115234,36.400001525878906,36.59000015258789,36.59000015258789,193600
2022-01-07,36.5099983215332,36.52000045776367,36.18000030517578,36.29999923706055,36.29999923706055,173400
2022-01-10,36.20000076293945,36.220001220703125,35.75,36.220001220703125,36.220001220703125,220200
2022-01-11,36.20000076293945,36.459999084472656,36.08000183105469,36.439998626708984,36.439998626708984,222200
2022-01-12,36.5099983215332,36.630001068115234,36.349998474121094,36.5099983215332,36.5099983215332,106800
2022-01-13,36.52000045776367,36.52000045776367,36.119998931884766,36.15999984741211,36.15999984741211,143100
2022-01-14,36.0099983215332,36.27000045776367,35.95000076293945,36.27000045776367,36.27000045776367,194900
2022-01-17,36.38999938964844,36.540000915527344,36.31999969482422,36.459999084472656,36.459999084472656,96900
2022-01-18,36.0099983215332,36.0099983215332,35.65999984741211,35.689998626708984,35.689998626708984,269100
2022-01-19,35.810001373291016,35.84000015258789,35.47999954223633,35.4900016784668,35.4900016784668,190800
2022-01-20,35.650001525878906,35.83000183105469,35.209999084472656,35.25,35.25,133700
2022-01-21,35.11000061035156,35.20000076293945,34.66999816894531,34.75,34.75,458100
2022-01-24,34.099998474121094,34.75,33.63999938964844,34.75,34.75,1269600
2022-01-25,34.400001525878906,34.779998779296875,34.02000045776367,34.52000045776367,34.52000045776367,720200
2022-01-26,34.900001525878906,35.06999969482422,34.279998779296875,34.540000915527344,34.540000915527344,1039900
2022-01-27,34.72999954223633,34.91999816894531,34.36000061035156,34.459999084472656,34.459999084472656,568200
2022-01-28,34.52000045776367,34.959999084472656,34.209999084472656,34.959999084472656,34.959999084472656,372900
2022-01-31,35.0,35.56999969482422,34.95000076293945,35.56999969482422,35.56999969482422,145400
2022-02-01,35.689998626708984,35.83000183105469,35.45000076293945,35.83000183105469,35.83000183105469,192600
2022-02-02,35.97999954223633,35.9900016784668,35.790000915527344,35.959999084472656,35.959999084472656,182000
2022-02-03,35.650001525878906,35.689998626708984,35.33000183105469,35.349998474121094,35.349998474121094,222000
2022-02-04,35.529998779296875,35.869998931884766,35.459999084472656,35.70000076293945,35.70000076293945,106700
2022-02-07,35.7599983215332,35.7599983215332,35.43000030517578,35.47999954223633,35.47999954223633,188400
2022-02-08,36.099998474121094,36.099998474121094,35.47999954223633,35.84000015258789,35.84000015258789,103500
2022-02-09,36.099998474121094,36.25,36.099998474121094,36.2400016784668,36.2400016784668,92700
2022-02-10,35.97999954223633,36.33000183105469,35.86000061035156,35.970001220703125,35.970001220703125,146300
2022-02-11,35.97999954223633,36.029998779296875,35.43000030517578,35.54999923706055,35.54999923706055,347700
2022-02-14,35.5099983215332,35.52000045776367,35.150001525878906,35.349998474121094,35.349998474121094,207700
2022-02-15,35.650001525878906,35.86000061035156,35.63999938964844,35.86000061035156,35.86000061035156,95900
